,ot,averia
5,01851,Chasis
6,01852,Chasis
9,01855,Chasis
13,01859,Chasis
15,01861,Chasis
17,01863,Chasis
22,01868,Chasis
24,01870,Chasis
107,01953,Chasis
111,01957,Chasis
112,01958,Chasis
116,01962,Chasis
118,01964,Chasis
127,01973,Chasis
133,01979,Chasis
134,01980,Chasis
142,01988,Chasis
143,01989,Chasis
144,01990,Chasis
146,01992,Chasis
155,02001,Chasis
170,02016,Chasis
173,02019,Chasis
181,02027,Chasis
188,02034,Chasis
217,02063,Chasis
240,02086,Chasis
243,02089,Chasis
247,02093,Chasis
261,02107,Chasis
265,02111,Chasis
269,02115,Chasis
288,02134,Chasis
290,02136,Chasis
292,02138,Chasis
293,02139,Chasis
294,02140,Chasis
297,02143,Chasis
305,02151,Chasis
310,02156,Chasis
321,02167,Chasis
323,02169,Chasis
326,02172,Chasis
331,02177,Chasis
332,02178,Chasis
333,02179,Chasis
337,02183,Chasis
342,02188,Chasis
365,02211,Chasis
395,02241,Chasis
402,02249,Chasis
403,02250,Chasis
404,02252,Chasis
414,02263,Chasis
418,02267,Chasis
431,02283,Chasis
439,02291,Chasis
468,02320,Chasis
469,02321,Chasis
470,02322,Chasis
476,02328,Chasis
478,02330,Chasis
479,02331,Chasis
497,02349,Chasis
498,02350,Chasis
499,02351,Chasis
516,02368,Chasis
540,02392,Chasis
541,02393,Chasis
546,02398,Chasis
547,02399,Chasis
548,02400,Chasis
549,02401,Chasis
550,02402,Chasis
551,02403,Chasis
562,02414,Chasis
567,02419,Chasis
569,02421,Chasis
572,02424,Chasis
575,02427,Chasis
596,02448,Chasis
597,02449,Chasis
601,02453,Chasis
602,02454,Chasis
603,02455,Chasis
604,02456,Chasis
607,02459,Chasis
623,02475,Chasis
631,02483,Chasis
633,02485,Chasis
640,02492,Chasis
643,02495,Chasis
660,02512,Chasis
661,02513,Chasis
662,02514,Chasis
667,02519,Chasis
669,02521,Chasis
675,02527,Chasis
679,02531,Chasis
682,02534,Chasis
687,02539,Chasis
690,02542,Chasis
691,02543,Chasis
740,02592,Chasis
741,02593,Chasis
743,02595,Chasis
754,02606,Chasis
758,02610,Chasis
759,02611,Chasis
761,02613,Chasis
762,02614,Chasis
770,02622,Chasis
771,02623,Chasis
811,02663,Chasis
833,02685,Chasis
845,02697,Chasis
846,02698,Chasis
851,02703,Chasis
875,02727,Chasis
876,02728,Chasis
879,02731,Chasis
884,02736,Chasis
885,02737,Chasis
886,02738,Chasis
891,02743,Chasis
892,02744,Chasis
897,02749,Chasis
909,02761,Chasis
910,02762,Chasis
912,02764,Chasis
929,02781,Chasis
932,02784,Chasis
933,02785,Chasis
1216,01849,Carrocería
1248,01881,Carrocería
1307,01940,Carrocería
1308,01941,Carrocería
1316,01949,Carrocería
1327,01960,Carrocería
1389,02022,Carrocería
1409,02042,Carrocería
1432,02065,Carrocería
1484,02117,Carrocería
1485,02118,Carrocería
1509,02142,Carrocería
1524,02157,Carrocería
1525,02158,Carrocería
1548,02181,Carrocería
1562,02195,Carrocería
1571,02204,Carrocería
1575,02208,Carrocería
1581,02214,Carrocería
1582,02215,Carrocería
1588,02221,Carrocería
1605,02238,Carrocería
1651,02290,Carrocería
1668,02307,Carrocería
1671,02310,Carrocería
1677,02316,Carrocería
1678,02317,Carrocería
1679,02318,Carrocería
1699,02338,Carrocería
1717,02356,Carrocería
1735,02374,Carrocería
1757,02396,Carrocería
1783,02422,Carrocería
1784,02423,Carrocería
1787,02426,Carrocería
1795,02434,Carrocería
1807,02446,Carrocería
1823,02462,Carrocería
1824,02463,Carrocería
1866,02505,Carrocería
1867,02506,Carrocería
1905,02544,Carrocería
1909,02548,Carrocería
1928,02567,Carrocería
1951,02590,Carrocería
1966,02605,Carrocería
1989,02628,Carrocería
1992,02631,Carrocería
2002,02641,Carrocería
2013,02652,Carrocería
2015,02654,Carrocería
2025,02664,Carrocería
2030,02669,Carrocería
2094,02733,Carrocería
2100,02739,Carrocería
2113,02752,Carrocería
2116,02755,Carrocería
2119,02758,Carrocería
2140,02779,Carrocería
2427,01847,Ruedas
2428,01848,Ruedas
2430,01850,Ruedas
2433,01853,Ruedas
2434,01854,Ruedas
2435,01855,Ruedas
2436,01856,Ruedas
2437,01857,Ruedas
2440,01860,Ruedas
2442,01862,Ruedas
2444,01864,Ruedas
2445,01865,Ruedas
2446,01866,Ruedas
2447,01867,Ruedas
2449,01869,Ruedas
2451,01871,Ruedas
2452,01872,Ruedas
2453,01873,Ruedas
2454,01874,Ruedas
2455,01875,Ruedas
2456,01876,Ruedas
2457,01877,Ruedas
2459,01879,Ruedas
2460,01880,Ruedas
2463,01883,Ruedas
2464,01884,Ruedas
2465,01885,Ruedas
2466,01886,Ruedas
2467,01887,Ruedas
2468,01888,Ruedas
2469,01889,Ruedas
2470,01890,Ruedas
2471,01891,Ruedas
2472,01892,Ruedas
2473,01893,Ruedas
2527,01947,Ruedas
2531,01951,Ruedas
2536,01956,Ruedas
2541,01961,Ruedas
2543,01963,Ruedas
2545,01965,Ruedas
2546,01966,Ruedas
2548,01968,Ruedas
2549,01969,Ruedas
2551,01971,Ruedas
2552,01972,Ruedas
2554,01974,Ruedas
2555,01975,Ruedas
2556,01976,Ruedas
2557,01977,Ruedas
2561,01981,Ruedas
2562,01982,Ruedas
2566,01986,Ruedas
2567,01987,Ruedas
2572,01992,Ruedas
2573,01993,Ruedas
2574,01994,Ruedas
2575,01995,Ruedas
2576,01996,Ruedas
2577,01997,Ruedas
2582,02002,Ruedas
2586,02006,Ruedas
2587,02007,Ruedas
2588,02008,Ruedas
2589,02009,Ruedas
2590,02010,Ruedas
2593,02013,Ruedas
2594,02014,Ruedas
2595,02015,Ruedas
2598,02018,Ruedas
2600,02020,Ruedas
2601,02021,Ruedas
2604,02024,Ruedas
2608,02028,Ruedas
2609,02029,Ruedas
2610,02030,Ruedas
2612,02032,Ruedas
2613,02033,Ruedas
2615,02035,Ruedas
2616,02036,Ruedas
2617,02037,Ruedas
2618,02038,Ruedas
2619,02039,Ruedas
2620,02040,Ruedas
2621,02041,Ruedas
2622,02042,Ruedas
2623,02043,Ruedas
2624,02044,Ruedas
2625,02045,Ruedas
2626,02046,Ruedas
2627,02047,Ruedas
2628,02048,Ruedas
2630,02050,Ruedas
2632,02052,Ruedas
2634,02054,Ruedas
2635,02055,Ruedas
2636,02056,Ruedas
2637,02057,Ruedas
2638,02058,Ruedas
2639,02059,Ruedas
2640,02060,Ruedas
2641,02061,Ruedas
2642,02062,Ruedas
2644,02064,Ruedas
2646,02066,Ruedas
2647,02067,Ruedas
2648,02068,Ruedas
2650,02070,Ruedas
2652,02072,Ruedas
2653,02073,Ruedas
2654,02074,Ruedas
2655,02075,Ruedas
2657,02077,Ruedas
2658,02078,Ruedas
2662,02082,Ruedas
2664,02084,Ruedas
2665,02085,Ruedas
2667,02087,Ruedas
2679,02099,Ruedas
2680,02100,Ruedas
2681,02101,Ruedas
2686,02106,Ruedas
2690,02110,Ruedas
2692,02112,Ruedas
2693,02113,Ruedas
2694,02114,Ruedas
2696,02116,Ruedas
2699,02119,Ruedas
2700,02120,Ruedas
2701,02121,Ruedas
2702,02122,Ruedas
2703,02123,Ruedas
2704,02124,Ruedas
2705,02125,Ruedas
2706,02126,Ruedas
2707,02127,Ruedas
2709,02129,Ruedas
2710,02130,Ruedas
2715,02135,Ruedas
2717,02137,Ruedas
2725,02145,Ruedas
2726,02146,Ruedas
2727,02147,Ruedas
2729,02149,Ruedas
2730,02150,Ruedas
2732,02152,Ruedas
2734,02154,Ruedas
2735,02155,Ruedas
2739,02159,Ruedas
2740,02160,Ruedas
2741,02161,Ruedas
2742,02162,Ruedas
2743,02163,Ruedas
2746,02166,Ruedas
2750,02170,Ruedas
2751,02171,Ruedas
2753,02173,Ruedas
2754,02174,Ruedas
2755,02175,Ruedas
2756,02176,Ruedas
2760,02180,Ruedas
2762,02182,Ruedas
2764,02184,Ruedas
2766,02186,Ruedas
2767,02187,Ruedas
2769,02189,Ruedas
2770,02190,Ruedas
2771,02191,Ruedas
2772,02192,Ruedas
2773,02193,Ruedas
2774,02194,Ruedas
2777,02197,Ruedas
2779,02199,Ruedas
2780,02200,Ruedas
2781,02201,Ruedas
2782,02202,Ruedas
2783,02203,Ruedas
2785,02205,Ruedas
2786,02206,Ruedas
2787,02207,Ruedas
2789,02209,Ruedas
2790,02210,Ruedas
2793,02213,Ruedas
2798,02218,Ruedas
2800,02220,Ruedas
2803,02223,Ruedas
2805,02225,Ruedas
2808,02228,Ruedas
2811,02231,Ruedas
2812,02232,Ruedas
2817,02237,Ruedas
2819,02239,Ruedas
2820,02240,Ruedas
2823,02244,Ruedas
2825,02246,Ruedas
2826,02247,Ruedas
2827,02248,Ruedas
2831,02253,Ruedas
2832,02254,Ruedas
2834,02256,Ruedas
2837,02259,Ruedas
2839,02261,Ruedas
2841,02264,Ruedas
2842,02265,Ruedas
2843,02266,Ruedas
2846,02269,Ruedas
2849,02272,Ruedas
2850,02275,Ruedas
2852,02278,Ruedas
2854,02280,Ruedas
2855,02281,Ruedas
2856,02282,Ruedas
2858,02284,Ruedas
2862,02288,Ruedas
2868,02294,Ruedas
2869,02295,Ruedas
2873,02299,Ruedas
2875,02301,Ruedas
2877,02303,Ruedas
2878,02304,Ruedas
2879,02305,Ruedas
2880,02306,Ruedas
2885,02311,Ruedas
2886,02312,Ruedas
2887,02313,Ruedas
2888,02314,Ruedas
2889,02315,Ruedas
2893,02319,Ruedas
2897,02323,Ruedas
2898,02324,Ruedas
2900,02326,Ruedas
2901,02327,Ruedas
2903,02329,Ruedas
2905,02331,Ruedas
2906,02332,Ruedas
2907,02333,Ruedas
2909,02335,Ruedas
2910,02336,Ruedas
2911,02337,Ruedas
2917,02343,Ruedas
2918,02344,Ruedas
2921,02347,Ruedas
2922,02348,Ruedas
2926,02352,Ruedas
2928,02354,Ruedas
2929,02355,Ruedas
2931,02357,Ruedas
2932,02358,Ruedas
2933,02359,Ruedas
2934,02360,Ruedas
2935,02361,Ruedas
2936,02362,Ruedas
2937,02363,Ruedas
2938,02364,Ruedas
2940,02366,Ruedas
2941,02367,Ruedas
2942,02368,Ruedas
2943,02369,Ruedas
2944,02370,Ruedas
2945,02371,Ruedas
2946,02372,Ruedas
2950,02376,Ruedas
2951,02377,Ruedas
2953,02379,Ruedas
2956,02382,Ruedas
2959,02385,Ruedas
2960,02386,Ruedas
2963,02389,Ruedas
2964,02390,Ruedas
2968,02394,Ruedas
2969,02395,Ruedas
2978,02404,Ruedas
2979,02405,Ruedas
2980,02406,Ruedas
2981,02407,Ruedas
2982,02408,Ruedas
2983,02409,Ruedas
2984,02410,Ruedas
2986,02412,Ruedas
2987,02413,Ruedas
2990,02416,Ruedas
2991,02417,Ruedas
2992,02418,Ruedas
2994,02420,Ruedas
3002,02428,Ruedas
3004,02430,Ruedas
3005,02431,Ruedas
3006,02432,Ruedas
3007,02433,Ruedas
3011,02437,Ruedas
3012,02438,Ruedas
3015,02441,Ruedas
3017,02443,Ruedas
3018,02444,Ruedas
3019,02445,Ruedas
3032,02458,Ruedas
3038,02464,Ruedas
3042,02468,Ruedas
3044,02470,Ruedas
3045,02471,Ruedas
3046,02472,Ruedas
3048,02474,Ruedas
3051,02477,Ruedas
3052,02478,Ruedas
3053,02479,Ruedas
3054,02480,Ruedas
3055,02481,Ruedas
3058,02484,Ruedas
3061,02487,Ruedas
3062,02488,Ruedas
3063,02489,Ruedas
3064,02490,Ruedas
3065,02491,Ruedas
3067,02493,Ruedas
3068,02494,Ruedas
3069,02495,Ruedas
3071,02497,Ruedas
3072,02498,Ruedas
3073,02499,Ruedas
3075,02501,Ruedas
3082,02508,Ruedas
3083,02509,Ruedas
3085,02511,Ruedas
3089,02515,Ruedas
3090,02516,Ruedas
3091,02517,Ruedas
3092,02518,Ruedas
3094,02520,Ruedas
3099,02525,Ruedas
3100,02526,Ruedas
3102,02528,Ruedas
3103,02529,Ruedas
3104,02530,Ruedas
3106,02532,Ruedas
3107,02533,Ruedas
3109,02535,Ruedas
3110,02536,Ruedas
3112,02538,Ruedas
3114,02540,Ruedas
3115,02541,Ruedas
3119,02545,Ruedas
3121,02547,Ruedas
3124,02550,Ruedas
3125,02551,Ruedas
3126,02552,Ruedas
3128,02554,Ruedas
3129,02555,Ruedas
3130,02556,Ruedas
3131,02557,Ruedas
3132,02558,Ruedas
3133,02559,Ruedas
3134,02560,Ruedas
3135,02561,Ruedas
3136,02562,Ruedas
3138,02564,Ruedas
3139,02565,Ruedas
3140,02566,Ruedas
3143,02569,Ruedas
3144,02570,Ruedas
3145,02571,Ruedas
3147,02573,Ruedas
3148,02574,Ruedas
3149,02575,Ruedas
3152,02578,Ruedas
3153,02579,Ruedas
3154,02580,Ruedas
3155,02581,Ruedas
3156,02582,Ruedas
3157,02583,Ruedas
3158,02584,Ruedas
3160,02586,Ruedas
3161,02587,Ruedas
3163,02589,Ruedas
3165,02591,Ruedas
3168,02594,Ruedas
3170,02596,Ruedas
3171,02597,Ruedas
3172,02598,Ruedas
3173,02599,Ruedas
3174,02600,Ruedas
3175,02601,Ruedas
3176,02602,Ruedas
3177,02603,Ruedas
3178,02604,Ruedas
3181,02607,Ruedas
3182,02608,Ruedas
3183,02609,Ruedas
3192,02618,Ruedas
3194,02620,Ruedas
3206,02632,Ruedas
3207,02633,Ruedas
3208,02634,Ruedas
3209,02635,Ruedas
3210,02636,Ruedas
3212,02638,Ruedas
3213,02639,Ruedas
3216,02642,Ruedas
3217,02643,Ruedas
3222,02648,Ruedas
3223,02649,Ruedas
3224,02650,Ruedas
3225,02651,Ruedas
3227,02653,Ruedas
3229,02655,Ruedas
3231,02657,Ruedas
3232,02658,Ruedas
3233,02659,Ruedas
3239,02665,Ruedas
3240,02666,Ruedas
3241,02667,Ruedas
3242,02668,Ruedas
3245,02671,Ruedas
3251,02677,Ruedas
3252,02678,Ruedas
3253,02679,Ruedas
3254,02680,Ruedas
3255,02681,Ruedas
3257,02683,Ruedas
3264,02690,Ruedas
3265,02691,Ruedas
3268,02694,Ruedas
3270,02696,Ruedas
3275,02701,Ruedas
3278,02704,Ruedas
3279,02705,Ruedas
3280,02706,Ruedas
3281,02707,Ruedas
3287,02713,Ruedas
3288,02714,Ruedas
3290,02716,Ruedas
3291,02717,Ruedas
3292,02718,Ruedas
3296,02722,Ruedas
3297,02723,Ruedas
3304,02730,Ruedas
3315,02741,Ruedas
3316,02742,Ruedas
3319,02745,Ruedas
3320,02746,Ruedas
3321,02747,Ruedas
3322,02748,Ruedas
3325,02751,Ruedas
3327,02753,Ruedas
3328,02754,Ruedas
3330,02756,Ruedas
3331,02757,Ruedas
3340,02766,Ruedas
3343,02769,Ruedas
3344,02770,Ruedas
3345,02771,Ruedas
3346,02772,Ruedas
3347,02773,Ruedas
3348,02774,Ruedas
3349,02775,Ruedas
3351,02777,Ruedas
3352,02778,Ruedas
3639,01846,Mecanica
3651,01858,Mecanica
3652,01859,Mecanica
3671,01878,Mecanica
3675,01882,Mecanica
3679,01886,Mecanica
3684,01891,Mecanica
3731,01938,Mecanica
3741,01948,Mecanica
3745,01952,Mecanica
3748,01955,Mecanica
3752,01959,Mecanica
3763,01970,Mecanica
3770,01977,Mecanica
3776,01983,Mecanica
3777,01984,Mecanica
3778,01985,Mecanica
3784,01991,Mecanica
3785,01992,Mecanica
3791,01998,Mecanica
3792,01999,Mecanica
3793,02000,Mecanica
3795,02002,Mecanica
3796,02003,Mecanica
3797,02004,Mecanica
3798,02005,Mecanica
3804,02011,Mecanica
3805,02012,Mecanica
3810,02017,Mecanica
3816,02023,Mecanica
3818,02025,Mecanica
3819,02026,Mecanica
3824,02031,Mecanica
3842,02049,Mecanica
3862,02069,Mecanica
3864,02071,Mecanica
3869,02076,Mecanica
3872,02079,Mecanica
3874,02081,Mecanica
3875,02082,Mecanica
3876,02083,Mecanica
3881,02088,Mecanica
3882,02089,Mecanica
3883,02090,Mecanica
3884,02091,Mecanica
3885,02092,Mecanica
3887,02094,Mecanica
3888,02095,Mecanica
3892,02099,Mecanica
3895,02102,Mecanica
3896,02103,Mecanica
3897,02104,Mecanica
3898,02105,Mecanica
3902,02109,Mecanica
3921,02128,Mecanica
3924,02131,Mecanica
3934,02141,Mecanica
3946,02153,Mecanica
3957,02164,Mecanica
3958,02165,Mecanica
3961,02168,Mecanica
3978,02185,Mecanica
3989,02196,Mecanica
3991,02198,Mecanica
4002,02209,Mecanica
4004,02211,Mecanica
4012,02219,Mecanica
4015,02222,Mecanica
4017,02224,Mecanica
4020,02227,Mecanica
4022,02229,Mecanica
4023,02230,Mecanica
4028,02235,Mecanica
4035,02243,Mecanica
4037,02245,Mecanica
4046,02255,Mecanica
4048,02257,Mecanica
4049,02258,Mecanica
4051,02260,Mecanica
4058,02268,Mecanica
4059,02269,Mecanica
4060,02270,Mecanica
4061,02271,Mecanica
4066,02279,Mecanica
4072,02285,Mecanica
4073,02286,Mecanica
4076,02289,Mecanica
4079,02292,Mecanica
4080,02293,Mecanica
4083,02296,Mecanica
4084,02297,Mecanica
4085,02298,Mecanica
4087,02300,Mecanica
4089,02302,Mecanica
4095,02308,Mecanica
4112,02325,Mecanica
4121,02334,Mecanica
4124,02337,Mecanica
4127,02340,Mecanica
4128,02341,Mecanica
4132,02345,Mecanica
4136,02349,Mecanica
4152,02365,Mecanica
4160,02373,Mecanica
4162,02375,Mecanica
4165,02378,Mecanica
4167,02380,Mecanica
4168,02381,Mecanica
4170,02383,Mecanica
4171,02384,Mecanica
4174,02387,Mecanica
4178,02391,Mecanica
4184,02397,Mecanica
4198,02411,Mecanica
4212,02425,Mecanica
4222,02435,Mecanica
4223,02436,Mecanica
4226,02439,Mecanica
4238,02451,Mecanica
4239,02452,Mecanica
4244,02457,Mecanica
4247,02460,Mecanica
4248,02461,Mecanica
4252,02465,Mecanica
4254,02467,Mecanica
4260,02473,Mecanica
4263,02476,Mecanica
4269,02482,Mecanica
4272,02485,Mecanica
4273,02486,Mecanica
4283,02496,Mecanica
4287,02500,Mecanica
4289,02502,Mecanica
4290,02503,Mecanica
4291,02504,Mecanica
4294,02507,Mecanica
4309,02522,Mecanica
4310,02523,Mecanica
4311,02524,Mecanica
4324,02537,Mecanica
4336,02549,Mecanica
4340,02553,Mecanica
4363,02576,Mecanica
4364,02577,Mecanica
4375,02588,Mecanica
4376,02589,Mecanica
4386,02599,Mecanica
4393,02606,Mecanica
4400,02613,Mecanica
4402,02615,Mecanica
4404,02617,Mecanica
4406,02619,Mecanica
4408,02621,Mecanica
4411,02624,Mecanica
4412,02625,Mecanica
4413,02626,Mecanica
4416,02629,Mecanica
4417,02630,Mecanica
4424,02637,Mecanica
4431,02644,Mecanica
4433,02646,Mecanica
4434,02647,Mecanica
4443,02656,Mecanica
4447,02660,Mecanica
4449,02662,Mecanica
4459,02672,Mecanica
4460,02673,Mecanica
4461,02674,Mecanica
4462,02675,Mecanica
4469,02682,Mecanica
4471,02684,Mecanica
4473,02686,Mecanica
4474,02687,Mecanica
4475,02688,Mecanica
4476,02689,Mecanica
4479,02692,Mecanica
4480,02693,Mecanica
4482,02695,Mecanica
4487,02700,Mecanica
4489,02702,Mecanica
4495,02708,Mecanica
4496,02709,Mecanica
4497,02710,Mecanica
4498,02711,Mecanica
4501,02714,Mecanica
4502,02715,Mecanica
4506,02719,Mecanica
4507,02720,Mecanica
4508,02721,Mecanica
4511,02724,Mecanica
4512,02725,Mecanica
4513,02726,Mecanica
4519,02732,Mecanica
4522,02735,Mecanica
4531,02744,Mecanica
4537,02750,Mecanica
4546,02759,Mecanica
4547,02760,Mecanica
4563,02776,Mecanica
4567,02780,Mecanica
4570,02783,Mecanica
4571,02784,Mecanica
4906,01900,"Elec, vehiculos"
4948,01942,"Elec, vehiculos"
4949,01943,"Elec, vehiculos"
4950,01944,"Elec, vehiculos"
4951,01945,"Elec, vehiculos"
4952,01946,"Elec, vehiculos"
4960,01954,"Elec, vehiculos"
5030,02024,"Elec, vehiculos"
5057,02051,"Elec, vehiculos"
5059,02053,"Elec, vehiculos"
5086,02080,"Elec, vehiculos"
5102,02096,"Elec, vehiculos"
5103,02097,"Elec, vehiculos"
5104,02098,"Elec, vehiculos"
5138,02132,"Elec, vehiculos"
5139,02133,"Elec, vehiculos"
5150,02144,"Elec, vehiculos"
5154,02148,"Elec, vehiculos"
5218,02212,"Elec, vehiculos"
5222,02216,"Elec, vehiculos"
5223,02217,"Elec, vehiculos"
5232,02226,"Elec, vehiculos"
5242,02236,"Elec, vehiculos"
5277,02277,"Elec, vehiculos"
5287,02287,"Elec, vehiculos"
5309,02309,"Elec, vehiculos"
5346,02346,"Elec, vehiculos"
5353,02353,"Elec, vehiculos"
5388,02388,"Elec, vehiculos"
5415,02415,"Elec, vehiculos"
5428,02428,"Elec, vehiculos"
5429,02429,"Elec, vehiculos"
5440,02440,"Elec, vehiculos"
5442,02442,"Elec, vehiculos"
5447,02447,"Elec, vehiculos"
5450,02450,"Elec, vehiculos"
5466,02466,"Elec, vehiculos"
5469,02469,"Elec, vehiculos"
5510,02510,"Elec, vehiculos"
5513,02513,"Elec, vehiculos"
5546,02546,"Elec, vehiculos"
5563,02563,"Elec, vehiculos"
5568,02568,"Elec, vehiculos"
5572,02572,"Elec, vehiculos"
5585,02585,"Elec, vehiculos"
5612,02612,"Elec, vehiculos"
5627,02627,"Elec, vehiculos"
5640,02640,"Elec, vehiculos"
5645,02645,"Elec, vehiculos"
5661,02661,"Elec, vehiculos"
5670,02670,"Elec, vehiculos"
5676,02676,"Elec, vehiculos"
5699,02699,"Elec, vehiculos"
5712,02712,"Elec, vehiculos"
5729,02729,"Elec, vehiculos"
5734,02734,"Elec, vehiculos"
5740,02740,"Elec, vehiculos"
5744,02744,"Elec, vehiculos"
5763,02763,"Elec, vehiculos"
5765,02765,"Elec, vehiculos"
5767,02767,"Elec, vehiculos"
5768,02768,"Elec, vehiculos"
5782,02782,"Elec, vehiculos"
6127,01908,Obra civil
6128,01909,Obra civil
6129,01910,Obra civil
6131,01912,Obra civil
6135,01916,Obra civil
6136,01917,Obra civil
6144,01925,Obra civil
6145,01926,Obra civil
6146,01927,Obra civil
6154,01935,Obra civil
6155,01936,Obra civil
6156,01937,Obra civil
7331,01899,Agua y combustible
7333,01901,Agua y combustible
7765,02339,Agua y combustible
7768,02342,Agua y combustible
8559,01914,Herramientas
8560,01915,Herramientas
8563,01918,Herramientas
8564,01919,Herramientas
8566,01921,Herramientas
10966,01895,Exteriores
10975,01904,Exteriores
10977,01906,Exteriores
10978,01907,Exteriores
10982,01911,Exteriores
10991,01920,Exteriores
10995,01924,Exteriores
11318,02248,Exteriores
12186,01902,Aire
12187,01903,Aire
12189,01905,Aire
13419,01922,Maquinaria
13420,01923,Maquinaria
13425,01928,Maquinaria
13426,01929,Maquinaria
13427,01930,Maquinaria
13428,01931,Maquinaria
13429,01932,Maquinaria
13430,01933,Maquinaria
13431,01934,Maquinaria
14604,01894,Elecricidad
14606,01896,Elecricidad
14607,01897,Elecricidad
14608,01898,Elecricidad
14623,01913,Elecricidad
14649,01939,Elecricidad
14660,01950,Elecricidad
14677,01967,Elecricidad
14818,02108,Elecricidad
