,number,location,type,status,tag,registration,chasis,institution,motor_specs,year,capacity
0,CC53,Aaiun,Volvo,,559915,,,,,,
1,CC54,Aaiun,Volvo,,559916,,,,,,
2,CC55,Aaiun,Volvo,,559917,,,,,,
3,CC56,Aaiun,Volvo,,559918,,,,,,
4,CC57,Aaiun,Volvo,,559919,,,,,,
5,CC61,Aaiun,Volvo,,614201,,,,,,
6,CC78,Aaiun,Volvo,,614264,,,,,,
7,CC74,Aaiun,Volvo,,,,,,,,
8,CR226,Aaiun,Man,,771514,,,,,,
9,CC59,Aaiun,Volvo,,614202,,,,,,
10,CR03,Aaiun,Volvo,,,,,,,,
11,CR05,Aaiun,Volvo,,,,,,,,
12,CR06,Aaiun,Volvo,,,,,,,,
13,CR213,Aaiun,Man,,771472,,,,,,
14,TALLER MIAMA,Taller central,Volvo,,,,,,,,
15,CC75,Auserd,Volvo,,559938,,,,,,
16,CC87,Auserd,Volvo,,559960,,,,,,
17,CC90,Auserd,Volvo,,,,,,,,
18,CR147,Auserd,Man,,559943,,,,,,
19,CR200,Auserd,Man,,559982,,,,,,
20,CC60,Bojador,Volvo,,614203,,,,,,
21,CC62,Bojador,Volvo,,614204,,,,,,
22,CC69,Bojador,Volvo,,614220,,,,,,
23,CC70,Bojador,Volvo,,614219,,,,,,
24,CR20,Bojador,Mitsubishi,,,,,,,,
25,CR22,Bojador,No,,,,,,,,
26,CC52,Smara,Volvo,,559914,,,,,,
27,CC58,Smara,Volvo,,,,,,,,
28,CC72,Smara,Volvo,,614236,,,,,,
29,CC77,Smara,Volvo,,614245,,,,,,
30,CC01,Aaiun,Sinotruck,,559996,,,,,,
31,CC02,Auserd,Sinotruck,,559994,,,,,,
32,CC85,Smara,Volvo,,559662,,,,,,
33,CC86,Smara,Volvo,,559942,,,,,,
34,CR223,Smara,Man,,771511,,,,,,
35,CR224,Smara,Man,,771512,,,,,,
36,CR214,Smara,Man,,771474,,,,,,
37,CR14,Smara,Volvo,,,,,,,,
38,CR140,Instituciones,Man,,614224,,,,,,
39,CR72,Smara,Volvo,,,,,,,,
40,CC03,Dajla,Sinotruck,,559995,,,,,,
41,CC67,Dajla,Volvo,,614222,,,,,,
42,CC68,Dajla,Volvo,,614221,,,,,,
43,CC88,Dajla,Volvo,,,,,,,,
44,CR19,Dajla,Hundai,,,,,,,,
45,CC79,Instituciones,Renault,,,,,,,,
46,CC81,Instituciones,Volvo,,,,,,,,
47,CC82,Instituciones,Volvo,,,,,,,,
48,CC09,Instituciones,Mercedes,,,,,,,,
49,CR140,Instituciones,Man,,614224,,,,,,
50,CR225,Auserd,Man,,771513,,,,,,
51,CR216,Bojador,Man,,771473,,,,,,
52,CR215,Dajla,Man,,771471,,,,,,
53,TALLER AAIUN,Aaiun,,,,,,,,,
54,TALLER AUSERD,Auserd,,,,,,,,,
55,TALLER BOUJDOUR,Bojador,Volvo,,,,,,,,
56,TALLER DAJLA,Dajla,,,,,,,,,
57,TALLER SMARA,Smara,,,,,,,,,
58,TALLER INST,Inst,,,,,,,,,
59,INSTALACIONES,Taller central,,,,,,,,,
60,CC05,Smara,Sinotruck,,559998,,,,,,
61,CC06,Auserd,Sinotruck,,559999,,,,,,
62,CT1,Transporte,Volvo,,,,,,,,
63,CT2,Transporte,Volvo,,,,,,,,
64,CT3,Transporte,Volvo,,,,,,,,
65,CT4,Transporte,Volvo,,,,,,,,
66,CT5,Transporte,Iveco,,,,,,,,
67,CT6,Transporte,Iveco,,,,,,,,
68,CT7,Transporte,Iveco,,,,,,,,
69,CC07,Aaiun,Sinotruck,,559984,,,,,,
70,CC04,Bojador,Sinotruck,,559997,,,,,,
71,CC08,Smara,Sinotruck,,559985,,,,,,
72,AUTORIZADA,Taller central,,,,,,,,,
73,CC10,Smara,Sinotruck,,771481,,,,,,
74,CC09,Instituciones,Mercedes,,,,,,,,
75,CC11,Auserd,Sinotruck,,771482,,,,,,
76,CC12,Dajla,Sinotruck,,771483,,,,,,
77,CR217,Aaiun,Man,,771484,,,,,,
78,CR218,Aaiun,Man,,771485,,,,,,
79,CR219,Smara,Man,,771486,,,,,,
80,CR223,Smara,Man,,771511,,,,,,
81,CR224,Smara,Man,,771512,,,,,,
82,CR225,Bojador,Man,,771513,,,,,,
83,CR226,Dajla,Man,,771514,,,,,,
