,mecanico,taller,puesto
0,Adah,Taller general,
1,Ahmed andala,,
2,Ahmed salek andal,Aaiun,Mecánico
3,Ali,Taller general,
4,Baba lebisir,Intervencion,
5,Bachir,Taller general,Jefe almacen
6,Bal-lal hammu,Dajla,Mecánico
7,Brahim,,
8,Brahim salem,Aused,Mecánico
9,Chaibata gailani,Taller general,
10,Chofer,,
11,Conductor,Centro,
12,Dah,Boujdour,Mecánico
13,Dah abidin,,
14,Hasan chej,Smara,Asist. mecánico
15,Jatri,,
16,Jatri mohamed,Smara,Mecánico
17,Jefe taller,,
18,Juanjo,Attsf,
19,Lamni,,
20,Laulad,Taller general,
21,Mec transporte,Transporte,Mecánico
22,Moh abdalahi,,
23,Moh fadel,Taller general,
24,Moha abdalahi,,
25,Mohamed,,
26,Mohamed abdalahi,Taller general,
27,Mohamed fadel,Taller general,Jefe taller
28,Mohamed lamin,Aused,Asist. mecánico
29,Mohmed lamin,,
30,Saleh,Boujdour,Asist. mecánico
31,Salek,,
32,Salek ali,Aaiun,Asist. mecánico
33,Salek logistica,,
34,Sid alal,,
35,Sidati,,
36,Sidi alal,Taller general,
37,Todos,Taller general,
38,Txapu,Attsf,Tecnico
