,ot,mecanico
0,01846,Dah
1,01847,Jatri
2,01848,Jatri
3,01849,Jatri
4,01850,Jatri
5,01851,Jatri
6,01852,Jatri
7,01853,Ahmed andala
8,01854,Ahmed andala
9,01855,Ahmed andala
10,01856,Ahmed andala
11,01857,Ahmed andala
12,01858,Ahmed andala
13,01859,Ahmed andala
14,01860,Ahmed andala
15,01861,Ahmed andala
16,01862,Ahmed andala
17,01863,Ahmed andala
18,01864,Ahmed andala
19,01865,Ahmed andala
20,01866,Ahmed andala
21,01867,Ahmed andala
22,01868,Ahmed andala
23,01869,Ahmed andala
24,01870,Ahmed andala
25,01871,Ahmed andala
26,01872,Ahmed andala
27,01873,Ahmed andala
28,01874,Brahim salem
29,01875,Brahim salem
30,01876,Brahim salem
31,01877,Brahim salem
32,01878,Brahim salem
33,01879,Jatri
34,01880,Jatri
35,01881,Jatri
36,01882,Jatri
37,01883,Jatri
38,01884,Jatri
39,01885,Jatri
40,01886,Jatri
41,01887,Jatri
42,01888,Jatri
43,01889,Jatri
44,01890,Jatri
45,01891,Jatri
46,01892,Jatri
47,01893,Jatri
48,01894,Moh abdalahi
49,01895,Moh fadel
50,01896,Moh fadel
51,01897,Ali
53,01899,Ali
54,01900,Ali
56,01902,Moh fadel
57,01903,Moh fadel
62,01908,Ali
63,01909,Ali
64,01910,Ali
66,01912,Moh fadel
67,01913,Ali
68,01914,Laulad
69,01915,Sidi alal
79,01925,Laulad
88,01934,Txapu
90,01936,Brahim
91,01937,Sidi alal
92,01938,Dah
93,01939,Moh abdalahi
94,01940,Jefe taller
95,01941,Jatri
96,01942,Bal-lal hammu
97,01943,Ahmed andala
98,01944,Sidati
99,01945,Laulad
100,01946,Moh abdalahi
101,01947,Bal-lal hammu
102,01948,Sidati
103,01949,Jefe taller
105,01951,Ahmed andala
106,01952,Jatri
107,01953,Jatri
108,01954,Jatri
109,01955,Ahmed andala
110,01956,Ahmed andala
111,01957,Ahmed andala
112,01958,Ahmed andala
113,01959,Mohamed lamin
114,01960,Ahmed andala
115,01961,Ahmed andala
116,01962,Ahmed andala
117,01963,Jatri mohamed
118,01964,Jatri mohamed
119,01965,Ahmed salek andal
120,01966,Ahmed salek andal
121,01967,Ahmed salek andal
122,01968,Brahim salem
123,01969,Ahmed salek andal
124,01970,Ahmed salek andal
125,01971,Ahmed salek andal
126,01972,Laulad
127,01973,Ahmed salek andal
128,01974,Ahmed salek andal
129,01975,Ahmed salek andal
130,01976,Ahmed salek andal
131,01977,Ahmed salek andal
132,01978,Ahmed salek andal
133,01979,Ahmed salek andal
134,01980,Ahmed salek andal
135,01981,Ahmed salek andal
136,01982,Jatri mohamed
137,01983,Mec transporte
138,01984,Sidi alal
139,01985,Sidi alal
140,01986,Ahmed salek andal
141,01987,Ahmed salek andal
142,01988,Ahmed salek andal
143,01989,Ahmed salek andal
144,01990,Ahmed salek andal
145,01991,Ahmed salek andal
146,01992,Ahmed salek andal
147,01993,Ahmed salek andal
148,01994,Ahmed salek andal
149,01995,Ahmed salek andal
150,01996,Ahmed salek andal
151,01997,Ahmed salek andal
152,01998,Ahmed salek andal
153,01999,Ahmed salek andal
154,02000,Ahmed salek andal
155,02001,Ahmed salek andal
156,02002,Ahmed salek andal
157,02003,Ahmed salek andal
158,02004,Ahmed salek andal
159,02005,Mohamed lamin
160,02006,Ahmed salek andal
161,02007,Ahmed salek andal
162,02008,Ahmed salek andal
163,02009,Ahmed salek andal
164,02010,Ahmed salek andal
165,02011,Ahmed salek andal
166,02012,Ahmed salek andal
167,02013,Ahmed salek andal
168,02014,Ahmed salek andal
169,02015,Ahmed salek andal
170,02016,Ahmed salek andal
171,02017,Salek logistica
172,02018,Ahmed salek andal
173,02019,Jatri mohamed
174,02020,Jatri mohamed
175,02021,Jatri mohamed
176,02022,Jatri mohamed
177,02023,Jatri mohamed
178,02024,Ali
179,02025,Mohamed lamin
180,02026,Mohamed lamin
181,02027,Ahmed salek andal
182,02028,Ahmed salek andal
183,02029,Ahmed salek andal
184,02030,Ahmed salek andal
185,02031,Ahmed salek andal
186,02032,Ahmed salek andal
187,02033,Ahmed salek andal
188,02034,Ahmed salek andal
189,02035,Ahmed salek andal
190,02036,Ahmed salek andal
191,02037,Ahmed salek andal
192,02038,Ahmed salek andal
193,02039,Ahmed salek andal
194,02040,Ahmed salek andal
195,02041,Ahmed salek andal
196,02042,Jatri mohamed
197,02043,Brahim salem
198,02044,Brahim salem
199,02045,Jatri mohamed
200,02046,Jatri mohamed
201,02047,Jatri mohamed
202,02048,Jatri mohamed
203,02049,Jatri mohamed
204,02050,Jatri mohamed
205,02051,Moh fadel
206,02052,Sidati
207,02053,Ali
208,02054,Sidati
209,02055,Brahim salem
210,02056,Mec transporte
211,02057,Bal-lal hammu
212,02058,Bal-lal hammu
213,02059,Ahmed salek andal
214,02060,Ahmed salek andal
215,02061,Ahmed salek andal
216,02062,Ahmed salek andal
217,02063,Ahmed salek andal
218,02064,Ahmed salek andal
219,02065,Jatri mohamed
220,02066,Jatri mohamed
221,02067,Jatri mohamed
222,02068,Jatri mohamed
223,02069,Jatri mohamed
224,02070,Brahim salem
225,02071,Brahim salem
226,02072,Brahim salem
227,02073,Brahim salem
228,02074,Brahim salem
229,02075,Brahim salem
230,02076,Brahim salem
231,02077,Ahmed salek andal
232,02078,Ahmed salek andal
233,02079,Ahmed salek andal
234,02080,Ahmed salek andal
235,02081,Ahmed salek andal
236,02082,Ahmed salek andal
237,02083,Ahmed salek andal
238,02084,Ahmed salek andal
239,02085,Ahmed salek andal
240,02086,Laulad
241,02087,Laulad
242,02088,Ali
243,02089,Sidi alal
244,02090,Ali
245,02091,Mohamed fadel
246,02092,Lamni
247,02093,Lamni
248,02094,Sidi alal
249,02095,Brahim salem
250,02096,Moh fadel
251,02097,Moh fadel
252,02098,Moh fadel
253,02099,Ahmed salek andal
254,02100,Ahmed salek andal
255,02101,Ahmed salek andal
256,02102,Ahmed salek andal
257,02103,Ahmed salek andal
258,02104,Ahmed salek andal
259,02105,Ahmed salek andal
260,02106,Ahmed salek andal
261,02107,Ahmed salek andal
262,02108,Ali
263,02109,Jatri mohamed
264,02110,Jatri mohamed
265,02111,Jatri mohamed
266,02112,Jatri mohamed
267,02113,Jatri mohamed
268,02114,Jatri mohamed
269,02115,Jatri mohamed
270,02116,Jatri mohamed
271,02117,Brahim salem
272,02118,Sidati
273,02119,Sidati
274,02120,Sidati
275,02121,Sidati
276,02122,Sidati
277,02123,Sidati
278,02124,Sidati
279,02125,Sidati
280,02126,Ahmed salek andal
281,02127,Jatri mohamed
282,02128,Moh fadel
283,02129,Jatri mohamed
284,02130,Bal-lal hammu
285,02131,Ahmed salek andal
286,02132,Ahmed salek andal
287,02133,Ahmed salek andal
288,02134,Ahmed salek andal
289,02135,Ahmed salek andal
290,02136,Ahmed salek andal
291,02137,Ahmed salek andal
292,02138,Ahmed salek andal
293,02139,Ahmed salek andal
294,02140,Ahmed salek andal
295,02141,Ahmed salek andal
296,02142,Jatri mohamed
297,02143,Jatri mohamed
298,02144,Bal-lal hammu
299,02145,Bal-lal hammu
300,02146,Brahim salem
301,02147,Brahim salem
302,02148,Brahim salem
303,02149,Brahim salem
304,02150,Ahmed salek andal
305,02151,Sidi alal
306,02152,Sidati
307,02153,Moh fadel
308,02154,Ahmed salek andal
309,02155,Ahmed salek andal
310,02156,Ahmed salek andal
311,02157,Ahmed salek andal
312,02158,Ahmed salek andal
313,02159,Ahmed salek andal
314,02160,Ahmed salek andal
315,02161,Ahmed salek andal
316,02162,Ahmed salek andal
317,02163,Ahmed salek andal
318,02164,Ahmed salek andal
319,02165,Ahmed salek andal
320,02166,Ahmed salek andal
321,02167,Ahmed salek andal
322,02168,Ahmed salek andal
323,02169,Ahmed salek andal
324,02170,Ahmed salek andal
325,02171,Ahmed salek andal
326,02172,Ahmed salek andal
327,02173,Jatri mohamed
328,02174,Jatri mohamed
329,02175,Jatri mohamed
330,02176,Jatri mohamed
331,02177,Ahmed salek andal
332,02178,Todos
333,02179,Jatri mohamed
334,02180,Jatri mohamed
335,02181,Jatri mohamed
336,02182,Jatri mohamed
337,02183,Jatri mohamed
338,02184,Jatri mohamed
339,02185,Ahmed salek andal
340,02186,Ahmed salek andal
341,02187,Ahmed salek andal
342,02188,Ahmed salek andal
343,02189,Ahmed salek andal
344,02190,Ahmed salek andal
345,02191,Brahim salem
346,02192,Brahim salem
347,02193,Brahim salem
348,02194,Brahim salem
349,02195,Mohamed
350,02196,Jatri mohamed
351,02197,Jatri mohamed
352,02198,Jatri mohamed
353,02199,Jatri mohamed
354,02200,Sidati
355,02201,Sidati
356,02202,Sidati
357,02203,Sidati
358,02204,Sidati
359,02205,Sidati
360,02206,Sidati
361,02207,Sidati
362,02208,Bal-lal hammu
363,02209,Bal-lal hammu
364,02210,Bal-lal hammu
365,02211,Bal-lal hammu
366,02212,Bal-lal hammu
367,02213,Jatri mohamed
368,02214,Jatri mohamed
369,02215,Jatri mohamed
370,02216,Jatri mohamed
371,02217,Brahim salem
372,02218,Brahim salem
373,02219,Moh fadel
374,02220,Laulad
375,02221,Mohamed
385,02231,Jatri mohamed
386,02232,Jatri mohamed
387,02233,Jatri mohamed
388,02234,Jatri mohamed
389,02235,Jatri mohamed
390,02236,Jatri mohamed
391,02237,Jatri mohamed
392,02238,Jatri mohamed
393,02239,Ahmed salek andal
394,02240,Ahmed salek andal
395,02241,Ahmed salek andal
396,02243,Ahmed salek andal
397,02244,Ahmed salek andal
398,02245,Ahmed salek andal
399,02246,Ahmed salek andal
400,02247,Ahmed salek andal
401,02248,Ahmed salek andal
402,02249,Ahmed salek andal
403,02250,Ahmed salek andal
404,02252,Ahmed salek andal
405,02253,Ahmed salek andal
406,02254,Ahmed salek andal
407,02255,Ahmed salek andal
408,02256,Ahmed salek andal
409,02257,Ahmed salek andal
410,02258,Ahmed salek andal
411,02259,Ahmed salek andal
412,02260,Ahmed salek andal
413,02261,Ahmed salek andal
414,02263,Jatri mohamed
415,02264,Jatri mohamed
416,02265,Jatri mohamed
417,02266,Jatri mohamed
418,02267,Jatri mohamed
419,02268,Ahmed salek andal
420,02269,Ahmed salek andal
421,02270,Ahmed salek andal
422,02271,Ahmed salek andal
423,02272,Ahmed salek andal
424,02275,Sidati
425,02277,Sidati
426,02278,Sidati
427,02279,Sidati
428,02280,Sidati
429,02281,Ahmed salek andal
430,02282,Ahmed salek andal
431,02283,Ahmed salek andal
432,02284,Ahmed salek andal
433,02285,Lamni
434,02286,Ahmed salek andal
435,02287,Ahmed salek andal
436,02288,Ahmed salek andal
437,02289,Ahmed salek andal
438,02290,Ahmed salek andal
439,02291,Ahmed salek andal
440,02292,Ahmed salek andal
441,02293,Ahmed salek andal
442,02294,Sidati
443,02295,Sidati
444,02296,Sidati
445,02297,Sidati
446,02298,Sidati
447,02299,Sidati
448,02300,Sidati
449,02301,Sidati
450,02302,Sidati
451,02303,Brahim salem
452,02304,Brahim salem
453,02305,Bal-lal hammu
454,02306,Bal-lal hammu
455,02307,Bal-lal hammu
456,02308,Jatri mohamed
457,02309,Jatri mohamed
458,02310,Jatri mohamed
459,02311,Jatri mohamed
460,02312,Jatri mohamed
461,02313,Jatri mohamed
462,02314,Jatri mohamed
463,02315,Jatri mohamed
464,02316,Jatri mohamed
465,02317,Jatri mohamed
466,02318,Jatri mohamed
467,02319,Jatri mohamed
468,02320,Jatri mohamed
469,02321,Jatri mohamed
470,02322,Moh fadel
471,02323,Moh fadel
472,02324,Brahim salem
473,02325,Moh fadel
474,02326,Ahmed salek andal
475,02327,Ahmed salek andal
476,02328,Ahmed salek andal
477,02329,Ahmed salek andal
478,02330,Ahmed salek andal
479,02331,Ahmed salek andal
480,02332,Ahmed salek andal
481,02333,Ahmed salek andal
482,02334,Ahmed salek andal
483,02335,Ahmed salek andal
484,02336,Ahmed salek andal
485,02337,Saleh
486,02338,Saleh
487,02339,Saleh
488,02340,Saleh
489,02341,Saleh
490,02342,Saleh
491,02343,Jatri mohamed
492,02344,Jatri mohamed
493,02345,Jatri mohamed
494,02346,Jatri mohamed
495,02347,Jatri mohamed
496,02348,Jatri mohamed
497,02349,Jatri mohamed
498,02350,Jatri mohamed
499,02351,Jatri mohamed
500,02352,Jatri mohamed
501,02353,Jatri mohamed
502,02354,Jatri mohamed
503,02355,Jatri mohamed
504,02356,Jatri mohamed
505,02357,Jatri mohamed
506,02358,Jatri mohamed
507,02359,Jatri mohamed
508,02360,Jatri mohamed
509,02361,Jatri mohamed
510,02362,Jatri mohamed
511,02363,Jatri mohamed
512,02364,Jatri mohamed
513,02365,Jatri mohamed
514,02366,Jatri mohamed
515,02367,Jatri mohamed
516,02368,Ahmed salek andal
517,02369,Ahmed salek andal
518,02370,Ahmed salek andal
519,02371,Ahmed salek andal
520,02372,Ahmed salek andal
521,02373,Ahmed salek andal
522,02374,Ahmed salek andal
523,02375,Ahmed salek andal
524,02376,Ahmed salek andal
525,02377,Ahmed salek andal
526,02378,Ahmed salek andal
527,02379,Ahmed salek andal
528,02380,Ahmed salek andal
529,02381,Ahmed salek andal
530,02382,Ahmed salek andal
531,02383,Ahmed salek andal
532,02384,Ahmed salek andal
533,02385,Ahmed salek andal
534,02386,Ahmed salek andal
535,02387,Sidi alal
536,02388,Ahmed salek andal
537,02389,Ahmed salek andal
538,02390,Ahmed salek andal
539,02391,Ahmed salek andal
540,02392,Ahmed salek andal
541,02393,Ahmed salek andal
542,02394,Ahmed salek andal
543,02395,Ahmed salek andal
544,02396,Ahmed salek andal
545,02397,Ahmed salek andal
546,02398,Ali
547,02399,Sidi alal
548,02400,Sidi alal
549,02401,Moh fadel
550,02402,Laulad
551,02403,Todos
552,02404,Todos
553,02405,Laulad
554,02406,Todos
555,02407,Todos
556,02408,Jatri mohamed
557,02409,Jatri mohamed
558,02410,Jatri mohamed
559,02411,Jatri mohamed
560,02412,Jatri mohamed
561,02413,Jatri mohamed
562,02414,Jatri mohamed
563,02415,Jatri mohamed
564,02416,Jatri mohamed
565,02417,Jatri mohamed
566,02418,Jatri mohamed
567,02419,Jatri mohamed
568,02420,Dah
569,02421,Dah
570,02422,Dah
571,02423,Dah
572,02424,Dah
573,02425,Dah
574,02426,Dah
575,02427,Dah
576,02428,Dah
577,02429,Dah
578,02430,Dah
579,02431,Brahim salem
580,02432,Brahim salem
581,02433,Brahim salem
582,02434,Brahim salem
583,02435,Brahim salem
584,02436,Brahim salem
585,02437,Brahim salem
586,02438,Moh fadel
587,02439,Brahim salem
588,02440,Moh fadel
589,02441,Jatri mohamed
590,02442,Jatri mohamed
591,02443,Jatri mohamed
592,02444,Jatri mohamed
593,02445,Jatri mohamed
594,02446,Jatri mohamed
595,02447,Jatri mohamed
596,02448,Jatri mohamed
597,02449,Jatri mohamed
598,02450,Jatri mohamed
599,02451,Ahmed salek andal
600,02452,Ahmed salek andal
601,02453,Ahmed salek andal
602,02454,Ahmed salek andal
603,02455,Ahmed salek andal
604,02456,Ahmed salek andal
605,02457,Ahmed salek andal
606,02458,Ahmed salek andal
607,02459,Ahmed salek andal
608,02460,Ahmed salek andal
609,02461,Ahmed salek andal
610,02462,Laulad
611,02463,Dah
612,02464,Bal-lal hammu
613,02465,Mec transporte
614,02466,Ahmed salek andal
615,02467,Ahmed salek andal
616,02468,Ahmed salek andal
617,02469,Ahmed salek andal
618,02470,Brahim salem
619,02471,Brahim salem
620,02472,Brahim salem
621,02473,Todos
622,02474,Laulad
623,02475,Todos
624,02476,Laulad
625,02477,Brahim salem
626,02478,Brahim salem
627,02479,Jatri mohamed
628,02480,Jatri mohamed
629,02481,Jatri mohamed
630,02482,Jatri mohamed
631,02483,Jatri mohamed
632,02484,Jatri mohamed
633,02485,Jatri mohamed
634,02486,Jatri mohamed
635,02487,Jatri mohamed
636,02488,Jatri mohamed
637,02489,Jatri mohamed
638,02490,Jatri mohamed
639,02491,Jatri mohamed
640,02492,Jatri mohamed
641,02493,Jatri mohamed
642,02494,Jatri mohamed
643,02495,Ahmed salek andal
644,02496,Ahmed salek andal
645,02497,Ahmed salek andal
646,02498,Ahmed salek andal
647,02499,Ahmed salek andal
648,02500,Ahmed salek andal
649,02501,Ahmed salek andal
650,02502,Jatri mohamed
651,02503,Saleh
652,02504,Jatri mohamed
653,02505,Mohamed
654,02506,Mohamed
655,02507,Saleh
656,02508,Jatri mohamed
657,02509,Jatri mohamed
658,02510,Jatri mohamed
659,02511,Jatri mohamed
660,02512,Jatri mohamed
661,02513,Laulad
662,02514,Ahmed salek andal
663,02515,Ahmed salek andal
664,02516,Ahmed salek andal
665,02517,Ahmed salek andal
666,02518,Ahmed salek andal
667,02519,Ahmed salek andal
668,02520,Ahmed salek andal
669,02521,Ahmed salek andal
670,02522,Ahmed salek andal
671,02523,Ahmed salek andal
672,02524,Ahmed salek andal
673,02525,Ahmed salek andal
674,02526,Ahmed salek andal
675,02527,Ahmed salek andal
676,02528,Ahmed salek andal
677,02529,Ahmed salek andal
678,02530,Ahmed salek andal
679,02531,Ahmed salek andal
680,02532,Ahmed salek andal
681,02533,Ahmed salek andal
682,02534,Ahmed salek andal
683,02535,Ahmed salek andal
684,02536,Ahmed salek andal
685,02537,Ahmed salek andal
686,02538,Ahmed salek andal
687,02539,Ahmed salek andal
688,02540,Ahmed salek andal
689,02541,Ahmed salek andal
690,02542,Ahmed salek andal
691,02543,Ahmed salek andal
692,02544,Jatri mohamed
693,02545,Jatri mohamed
694,02546,Jatri mohamed
695,02547,Jatri mohamed
696,02548,Mohamed
697,02549,Moh fadel
698,02550,Jatri mohamed
699,02551,Jatri mohamed
700,02552,Saleh
701,02553,Saleh
702,02554,Saleh
703,02555,Saleh
704,02556,Saleh
705,02557,Brahim salem
706,02558,Brahim salem
707,02559,Brahim salem
708,02560,Brahim salem
709,02561,Brahim salem
710,02562,Brahim salem
711,02563,Brahim salem
712,02564,Brahim salem
713,02565,Bal-lal hammu
714,02566,Bal-lal hammu
715,02567,Bal-lal hammu
716,02568,Bal-lal hammu
717,02569,Bal-lal hammu
718,02570,Bal-lal hammu
719,02571,Bal-lal hammu
720,02572,Bal-lal hammu
721,02573,Bal-lal hammu
722,02574,Mec transporte
723,02575,Mec transporte
724,02576,Todos
725,02577,Ali
726,02578,Todos
727,02579,Laulad
728,02580,Jatri mohamed
729,02581,Jatri mohamed
730,02582,Jatri mohamed
731,02583,Jatri mohamed
732,02584,Jatri mohamed
733,02585,Jatri mohamed
734,02586,Jatri mohamed
735,02587,Jatri mohamed
736,02588,Brahim salem
737,02589,Brahim salem
738,02590,Sidi alal
739,02591,Sidi alal
740,02592,Sidi alal
741,02593,Todos
742,02594,Sidi alal
743,02595,Sidi alal
744,02596,Jatri mohamed
745,02597,Jatri mohamed
746,02598,Jatri mohamed
747,02599,Jatri mohamed
748,02600,Jatri mohamed
749,02601,Brahim salem
750,02602,Brahim salem
751,02603,Brahim salem
752,02604,Brahim salem
753,02605,Brahim salem
754,02606,Jatri mohamed
755,02607,Jatri mohamed
756,02608,Jatri mohamed
757,02609,Jatri mohamed
758,02610,Jatri mohamed
759,02611,Jatri mohamed
760,02612,Baba lebisir
761,02613,Ahmed salek andal
762,02614,Ahmed salek andal
763,02615,Ahmed salek andal
764,02616,Ahmed salek andal
765,02617,Ahmed salek andal
766,02618,Ahmed salek andal
767,02619,Ahmed salek andal
768,02620,Ahmed salek andal
769,02621,Laulad
770,02622,Laulad
771,02623,Sidi alal
772,02624,Sidi alal
773,02625,Sidi alal
774,02626,Brahim salem
775,02627,Brahim salem
776,02628,Brahim salem
777,02629,Brahim salem
778,02630,Saleh
779,02631,Bal-lal hammu
780,02632,Saleh
781,02633,Saleh
782,02634,Saleh
783,02635,Saleh
784,02636,Saleh
785,02637,Saleh
786,02638,Bal-lal hammu
787,02639,Bal-lal hammu
788,02640,Saleh
789,02641,Ahmed salek andal
790,02642,Bal-lal hammu
791,02643,Bal-lal hammu
792,02644,Bal-lal hammu
793,02645,Saleh
794,02646,Ahmed salek andal
795,02647,Saleh
796,02648,Jatri mohamed
797,02649,Jatri mohamed
798,02650,Jatri mohamed
799,02651,Jatri mohamed
800,02652,Jatri mohamed
801,02653,Jatri mohamed
802,02654,Jatri mohamed
803,02655,Jatri mohamed
804,02656,Laulad
805,02657,Ahmed salek andal
806,02658,Ahmed salek andal
807,02659,Ahmed salek andal
808,02660,Ahmed salek andal
809,02661,Ahmed salek andal
810,02662,Ahmed salek andal
811,02663,Ahmed salek andal
812,02664,Ahmed salek andal
813,02665,Ahmed salek andal
814,02666,Ahmed salek andal
815,02667,Ahmed salek andal
816,02668,Ahmed salek andal
817,02669,Ahmed salek andal
818,02670,Ahmed salek andal
819,02671,Ahmed salek andal
820,02672,Ahmed salek andal
821,02673,Ahmed salek andal
822,02674,Ahmed salek andal
823,02675,Ahmed salek andal
824,02676,Mec transporte
825,02677,Jatri mohamed
826,02678,Jatri mohamed
827,02679,Jatri mohamed
828,02680,Jatri mohamed
829,02681,Ahmed salek andal
830,02682,Ahmed salek andal
831,02683,Ahmed salek andal
832,02684,Ahmed salek andal
833,02685,Ahmed salek andal
834,02686,Ahmed salek andal
835,02687,Ahmed salek andal
836,02688,Ahmed salek andal
837,02689,Saleh
838,02690,Saleh
839,02691,Saleh
840,02692,Saleh
841,02693,Saleh
842,02694,Saleh
843,02695,Jatri mohamed
844,02696,Jatri mohamed
845,02697,Jatri mohamed
846,02698,Jatri mohamed
847,02699,Jatri mohamed
848,02700,Jatri mohamed
849,02701,Jatri mohamed
850,02702,Jatri mohamed
851,02703,Jatri mohamed
852,02704,Jatri mohamed
853,02705,Brahim salem
854,02706,Brahim salem
855,02707,Brahim salem
856,02708,Brahim salem
857,02709,Brahim salem
858,02710,Ahmed salek andal
859,02711,Ahmed salek andal
860,02712,Ahmed salek andal
861,02713,Ahmed salek andal
862,02714,Ahmed salek andal
863,02715,Ahmed salek andal
864,02716,Ahmed salek andal
865,02717,Ahmed salek andal
866,02718,Ahmed salek andal
867,02719,Ahmed salek andal
868,02720,Laulad
869,02721,Saleh
870,02722,Ahmed salek andal
871,02723,Ahmed salek andal
872,02724,Saleh
873,02725,Saleh
874,02726,Saleh
875,02727,Saleh
876,02728,Saleh
877,02729,Ahmed salek andal
878,02730,Laulad
879,02731,Jatri mohamed
880,02732,Saleh
881,02733,Saleh
882,02734,Ahmed salek andal
883,02735,Mohamed abdalahi
884,02736,Mohamed
885,02737,Mohamed
886,02738,Mohamed
887,02739,Saleh
888,02740,Brahim salem
889,02741,Ahmed salek andal
890,02742,Ahmed salek andal
891,02743,Ahmed salek andal
892,02744,Ahmed salek andal
893,02745,Jatri mohamed
894,02746,Jatri mohamed
895,02747,Jatri mohamed
896,02748,Jatri mohamed
897,02749,Ahmed salek andal
898,02750,Jatri mohamed
899,02751,Brahim salem
900,02752,Jatri mohamed
901,02753,Brahim salem
902,02754,Jatri mohamed
903,02755,Hasan chej
904,02756,Saleh
905,02757,Ahmed salek andal
906,02758,Jatri mohamed
907,02759,Saleh
908,02760,Jatri mohamed
909,02761,Todos
910,02762,Todos
911,02763,Hasan chej
912,02764,Laulad
913,02765,Ahmed salek andal
914,02766,Jatri mohamed
915,02767,Ahmed salek andal
916,02768,Saleh
917,02769,Jatri mohamed
918,02770,Brahim salem
919,02771,Conductor
920,02772,Conductor
921,02773,Ahmed salek andal
922,02774,Ahmed salek andal
923,02775,Ahmed salek andal
924,02776,Ahmed salek andal
925,02777,Ahmed salek andal
926,02778,Saleh
927,02779,Saleh
928,02780,Mec transporte
929,02781,Laulad
930,02782,Laulad
931,02783,Lamni
932,02784,Mohamed
933,02785,Ahmed salek andal
2983,01847,Hasan chej
2984,01848,Hasan chej
2985,01849,Hasan chej
2986,01850,Hasan chej
2987,01851,Hasan chej
2988,01852,Hasan chej
2989,01853,Salek
2990,01854,Salek
2991,01855,Salek
2992,01856,Salek
2993,01857,Salek
2994,01858,Salek
2995,01859,Salek
2996,01860,Salek
2997,01861,Salek
2998,01862,Salek
2999,01863,Salek
3000,01864,Salek
3001,01865,Salek
3002,01866,Salek
3003,01867,Salek
3004,01868,Salek
3005,01869,Salek
3006,01870,Salek
3007,01871,Salek
3008,01872,Salek
3009,01873,Salek
3010,01874,Salek
3011,01875,Salek
3012,01876,Salek
3013,01877,Salek
3014,01878,Salek
3015,01879,Hasan chej
3016,01880,Hasan chej
3017,01881,Hasan chej
3018,01882,Hasan chej
3019,01883,Hasan chej
3020,01884,Hasan chej
3021,01885,Hasan chej
3022,01886,Hasan chej
3023,01887,Hasan chej
3024,01888,Hasan chej
3025,01889,Hasan chej
3026,01890,Hasan chej
3027,01891,Hasan chej
3028,01892,Hasan chej
3029,01893,Hasan chej
3030,01894,Ali
3036,01900,Mohamed abdalahi
3038,01902,Ali
3039,01903,Ali
3044,01908,Mohamed abdalahi
3046,01910,Mohamed abdalahi
3050,01914,Mohamed abdalahi
3051,01915,Ali
3061,01925,Moh fadel
3070,01934,Juanjo
3072,01936,Moha abdalahi
3076,01940,Laulad
3077,01941,Hasan chej
3079,01943,Salek
3087,01951,Salek
3088,01952,Hasan chej
3089,01953,Hasan chej
3090,01954,Hasan chej
3091,01955,Salek
3092,01956,Salek
3093,01957,Salek
3094,01958,Salek
3095,01959,Ahmed salek andal
3096,01960,Salek
3097,01961,Salek
3098,01962,Salek
3099,01963,Hasan chej
3100,01964,Hasan chej
3101,01965,Salek ali
3102,01966,Salek ali
3103,01967,Salek ali
3104,01968,Mohamed lamin
3105,01969,Salek ali
3106,01970,Salek ali
3107,01971,Salek ali
3108,01972,Mohamed abdalahi
3109,01973,Salek ali
3110,01974,Salek ali
3111,01975,Salek ali
3112,01976,Salek ali
3113,01977,Salek ali
3114,01978,Salek ali
3115,01979,Salek ali
3116,01980,Salek ali
3117,01981,Salek ali
3118,01982,Hasan chej
3120,01984,Ali
3121,01985,Ali
3122,01986,Salek ali
3123,01987,Salek ali
3124,01988,Salek ali
3125,01989,Salek ali
3126,01990,Salek ali
3127,01991,Salek ali
3128,01992,Salek ali
3129,01993,Salek ali
3130,01994,Salek ali
3131,01995,Salek ali
3132,01996,Salek ali
3133,01997,Salek ali
3134,01998,Salek ali
3135,01999,Salek ali
3136,02000,Salek ali
3137,02001,Salek ali
3138,02002,Salek ali
3139,02003,Salek ali
3140,02004,Salek ali
3141,02005,Chaibata gailani
3142,02006,Salek ali
3143,02007,Salek ali
3144,02008,Salek ali
3145,02009,Salek ali
3146,02010,Salek ali
3147,02011,Salek ali
3148,02012,Salek ali
3149,02013,Salek ali
3150,02014,Salek ali
3151,02015,Salek ali
3152,02016,Salek ali
3154,02018,Salek ali
3155,02019,Hasan chej
3156,02020,Hasan chej
3157,02021,Hasan chej
3158,02022,Hasan chej
3159,02023,Hasan chej
3160,02024,Sidi alal
3163,02027,Salek ali
3164,02028,Salek ali
3165,02029,Salek ali
3166,02030,Salek ali
3167,02031,Salek ali
3168,02032,Salek ali
3169,02033,Salek ali
3170,02034,Salek ali
3171,02035,Salek ali
3172,02036,Salek ali
3173,02037,Salek ali
3174,02038,Salek ali
3175,02039,Salek ali
3176,02040,Salek ali
3177,02041,Salek ali
3178,02042,Hasan chej
3179,02043,Mohamed lamin
3180,02044,Mohamed lamin
3181,02045,Hasan chej
3182,02046,Hasan chej
3183,02047,Hasan chej
3184,02048,Hasan chej
3185,02049,Hasan chej
3186,02050,Hasan chej
3187,02051,Hasan chej
3188,02052,Hasan chej
3189,02053,Hasan chej
3190,02054,Hasan chej
3191,02055,Mohamed lamin
3192,02056,Mohamed lamin
3193,02057,Mohamed lamin
3194,02058,Mohamed lamin
3195,02059,Salek ali
3196,02060,Salek ali
3197,02061,Salek ali
3198,02062,Salek ali
3199,02063,Salek ali
3200,02064,Salek ali
3201,02065,Hasan chej
3202,02066,Hasan chej
3203,02067,Hasan chej
3204,02068,Hasan chej
3205,02069,Hasan chej
3206,02070,Mohamed lamin
3207,02071,Mohamed lamin
3208,02072,Mohamed lamin
3209,02073,Mohamed lamin
3210,02074,Mohamed lamin
3211,02075,Mohamed lamin
3212,02076,Mohamed lamin
3213,02077,Salek ali
3214,02078,Salek ali
3215,02079,Salek ali
3216,02080,Salek ali
3217,02081,Salek ali
3218,02082,Salek ali
3219,02083,Salek ali
3220,02084,Salek ali
3221,02085,Salek ali
3222,02086,Ali
3224,02088,Sidi alal
3225,02089,Ali
3226,02090,Salek ali
3227,02091,Sidi alal
3229,02093,Sidi alal
3230,02094,Ali
3231,02095,Mohamed lamin
3235,02099,Salek ali
3236,02100,Salek ali
3237,02101,Salek ali
3238,02102,Salek ali
3239,02103,Salek ali
3240,02104,Salek ali
3241,02105,Salek ali
3242,02106,Salek ali
3243,02107,Salek ali
3245,02109,Hasan chej
3246,02110,Hasan chej
3247,02111,Hasan chej
3248,02112,Hasan chej
3249,02113,Hasan chej
3250,02114,Hasan chej
3251,02115,Hasan chej
3252,02116,Hasan chej
3263,02127,Hasan chej
3265,02129,Hasan chej
3267,02131,Salek ali
3268,02132,Salek ali
3269,02133,Salek ali
3270,02134,Salek ali
3271,02135,Salek ali
3272,02136,Salek ali
3273,02137,Salek ali
3274,02138,Salek ali
3275,02139,Salek ali
3276,02140,Salek ali
3277,02141,Salek ali
3279,02143,Hasan chej
3282,02146,Mohamed lamin
3283,02147,Mohamed lamin
3284,02148,Mohamed lamin
3285,02149,Mohamed lamin
3286,02150,Salek ali
3290,02154,Salek ali
3291,02155,Salek ali
3292,02156,Salek ali
3293,02157,Salek ali
3294,02158,Salek ali
3295,02159,Salek ali
3296,02160,Salek ali
3297,02161,Salek ali
3298,02162,Salek ali
3299,02163,Salek ali
3300,02164,Salek ali
3301,02165,Salek ali
3302,02166,Salek ali
3303,02167,Salek ali
3304,02168,Salek ali
3305,02169,Salek ali
3306,02170,Salek ali
3307,02171,Salek ali
3308,02172,Salek ali
3309,02173,Hasan chej
3310,02174,Hasan chej
3311,02175,Hasan chej
3312,02176,Hasan chej
3313,02177,Salek ali
3315,02179,Hasan chej
3316,02180,Hasan chej
3317,02181,Hasan chej
3318,02182,Hasan chej
3319,02183,Hasan chej
3320,02184,Hasan chej
3321,02185,Salek ali
3322,02186,Salek ali
3323,02187,Salek ali
3324,02188,Salek ali
3325,02189,Salek ali
3326,02190,Salek ali
3327,02191,Mohamed lamin
3328,02192,Mohamed lamin
3329,02193,Mohamed lamin
3330,02194,Mohamed lamin
3332,02196,Hasan chej
3333,02197,Hasan chej
3334,02198,Hasan chej
3335,02199,Hasan chej
3349,02213,Hasan chej
3350,02214,Hasan chej
3351,02215,Hasan chej
3352,02216,Hasan chej
3353,02217,Mohamed lamin
3354,02218,Mohamed lamin
3367,02231,Hasan chej
3368,02232,Hasan chej
3369,02233,Hasan chej
3370,02234,Hasan chej
3371,02235,Hasan chej
3372,02236,Hasan chej
3373,02237,Hasan chej
3374,02238,Hasan chej
3375,02239,Salek ali
3376,02240,Salek ali
3377,02241,Salek ali
3378,02243,Salek ali
3379,02244,Salek ali
3380,02245,Salek ali
3381,02246,Salek ali
3382,02247,Salek ali
3383,02248,Salek ali
3384,02249,Salek ali
3385,02250,Salek ali
3386,02252,Salek ali
3387,02253,Salek ali
3388,02254,Salek ali
3389,02255,Salek ali
3390,02256,Salek ali
3391,02257,Salek ali
3392,02258,Salek ali
3393,02259,Salek ali
3394,02260,Salek ali
3395,02261,Salek ali
3396,02263,Hasan chej
3397,02264,Hasan chej
3398,02265,Hasan chej
3399,02266,Hasan chej
3400,02267,Hasan chej
3401,02268,Salek ali
3402,02269,Salek ali
3403,02270,Salek ali
3404,02271,Salek ali
3405,02272,Salek ali
3411,02281,Salek ali
3412,02282,Salek ali
3413,02283,Salek ali
3414,02284,Salek ali
3415,02285,Laulad
3416,02286,Salek ali
3417,02287,Salek ali
3418,02288,Salek ali
3419,02289,Salek ali
3420,02290,Salek ali
3421,02291,Salek ali
3422,02292,Salek ali
3423,02293,Salek ali
3433,02303,Mohamed lamin
3434,02304,Mohamed lamin
3438,02308,Hasan chej
3439,02309,Hasan chej
3440,02310,Hasan chej
3441,02311,Hasan chej
3442,02312,Hasan chej
3443,02313,Hasan chej
3444,02314,Hasan chej
3445,02315,Hasan chej
3446,02316,Hasan chej
3447,02317,Hasan chej
3448,02318,Hasan chej
3449,02319,Hasan chej
3450,02320,Hasan chej
3451,02321,Hasan chej
3454,02324,Mohamed lamin
3456,02326,Salek ali
3457,02327,Salek ali
3458,02328,Salek ali
3459,02329,Salek ali
3460,02330,Salek ali
3461,02331,Salek ali
3462,02332,Salek ali
3463,02333,Salek ali
3464,02334,Salek ali
3465,02335,Salek ali
3466,02336,Salek ali
3467,02337,Adah
3468,02338,Adah
3469,02339,Adah
3470,02340,Adah
3471,02341,Adah
3472,02342,Adah
3473,02343,Hasan chej
3474,02344,Hasan chej
3475,02345,Hasan chej
3476,02346,Hasan chej
3477,02347,Hasan chej
3478,02348,Hasan chej
3479,02349,Hasan chej
3480,02350,Hasan chej
3481,02351,Hasan chej
3482,02352,Hasan chej
3483,02353,Hasan chej
3484,02354,Hasan chej
3485,02355,Hasan chej
3486,02356,Hasan chej
3487,02357,Hasan chej
3488,02358,Hasan chej
3489,02359,Hasan chej
3490,02360,Hasan chej
3491,02361,Hasan chej
3492,02362,Hasan chej
3493,02363,Hasan chej
3494,02364,Hasan chej
3495,02365,Hasan chej
3496,02366,Hasan chej
3497,02367,Hasan chej
3498,02368,Salek ali
3499,02369,Salek ali
3500,02370,Salek ali
3501,02371,Salek ali
3502,02372,Salek ali
3503,02373,Salek ali
3504,02374,Salek ali
3505,02375,Salek ali
3506,02376,Salek ali
3507,02377,Salek ali
3508,02378,Salek ali
3509,02379,Salek ali
3510,02380,Salek ali
3511,02381,Salek ali
3512,02382,Salek ali
3513,02383,Salek ali
3514,02384,Salek ali
3515,02385,Salek ali
3516,02386,Salek ali
3517,02387,Ali
3518,02388,Salek ali
3519,02389,Salek ali
3520,02390,Salek ali
3521,02391,Salek ali
3522,02392,Salek ali
3523,02393,Salek ali
3524,02394,Salek ali
3525,02395,Salek ali
3526,02396,Salek ali
3527,02397,Salek ali
3528,02398,Mohamed abdalahi
3529,02399,Mohamed
3530,02400,Laulad
3531,02401,Mohamed
3532,02402,Sidi alal
3535,02405,Sidi alal
3538,02408,Hasan chej
3539,02409,Hasan chej
3540,02410,Hasan chej
3541,02411,Hasan chej
3542,02412,Hasan chej
3543,02413,Hasan chej
3544,02414,Hasan chej
3545,02415,Hasan chej
3546,02416,Hasan chej
3547,02417,Hasan chej
3548,02418,Hasan chej
3549,02419,Hasan chej
3550,02420,Saleh
3551,02421,Saleh
3552,02422,Saleh
3553,02423,Saleh
3554,02424,Saleh
3555,02425,Saleh
3556,02426,Saleh
3557,02427,Saleh
3558,02428,Saleh
3559,02429,Saleh
3560,02430,Saleh
3561,02431,Mohamed lamin
3562,02432,Mohamed lamin
3563,02433,Mohamed lamin
3564,02434,Mohamed lamin
3565,02435,Mohamed lamin
3566,02436,Mohamed lamin
3567,02437,Mohamed lamin
3568,02438,Laulad
3569,02439,Mohamed lamin
3570,02440,Laulad
3571,02441,Hasan chej
3572,02442,Hasan chej
3573,02443,Hasan chej
3574,02444,Hasan chej
3575,02445,Hasan chej
3576,02446,Hasan chej
3577,02447,Hasan chej
3578,02448,Hasan chej
3579,02449,Hasan chej
3580,02450,Hasan chej
3581,02451,Salek ali
3582,02452,Salek ali
3583,02453,Salek ali
3584,02454,Salek ali
3585,02455,Salek ali
3586,02456,Salek ali
3587,02457,Salek ali
3588,02458,Salek ali
3589,02459,Salek ali
3590,02460,Salek ali
3591,02461,Salek ali
3593,02463,Saleh
3596,02466,Salek ali
3597,02467,Salek ali
3598,02468,Salek ali
3599,02469,Salek ali
3600,02470,Mohamed lamin
3601,02471,Mohamed lamin
3602,02472,Mohamed lamin
3604,02474,Ali
3607,02477,Mohamed lamin
3608,02478,Mohamed lamin
3609,02479,Hasan chej
3610,02480,Hasan chej
3611,02481,Hasan chej
3612,02482,Hasan chej
3613,02483,Hasan chej
3614,02484,Hasan chej
3615,02485,Hasan chej
3616,02486,Hasan chej
3617,02487,Hasan chej
3618,02488,Hasan chej
3619,02489,Hasan chej
3620,02490,Hasan chej
3621,02491,Hasan chej
3622,02492,Hasan chej
3623,02493,Hasan chej
3624,02494,Hasan chej
3625,02495,Salek ali
3626,02496,Salek ali
3627,02497,Salek ali
3628,02498,Salek ali
3629,02499,Salek ali
3630,02500,Salek ali
3631,02501,Salek ali
3632,02502,Hasan chej
3634,02504,Hasan chej
3635,02505,Jatri mohamed
3636,02506,Jatri mohamed
3638,02508,Hasan chej
3639,02509,Hasan chej
3640,02510,Hasan chej
3641,02511,Hasan chej
3642,02512,Hasan chej
3644,02514,Salek ali
3645,02515,Salek ali
3646,02516,Salek ali
3647,02517,Salek ali
3648,02518,Salek ali
3649,02519,Salek ali
3650,02520,Salek ali
3651,02521,Salek ali
3652,02522,Salek ali
3653,02523,Salek ali
3654,02524,Salek ali
3655,02525,Salek ali
3656,02526,Salek ali
3657,02527,Salek ali
3658,02528,Salek ali
3659,02529,Salek ali
3660,02530,Salek ali
3661,02531,Salek ali
3662,02532,Salek ali
3663,02533,Salek ali
3664,02534,Salek ali
3665,02535,Salek ali
3666,02536,Salek ali
3667,02537,Salek ali
3668,02538,Salek ali
3669,02539,Salek ali
3670,02540,Salek ali
3671,02541,Salek ali
3672,02542,Salek ali
3673,02543,Salek ali
3674,02544,Hasan chej
3675,02545,Hasan chej
3676,02546,Hasan chej
3677,02547,Hasan chej
3679,02549,Conductor
3680,02550,Hasan chej
3681,02551,Hasan chej
3687,02557,Mohamed lamin
3688,02558,Mohamed lamin
3689,02559,Mohamed lamin
3690,02560,Mohamed lamin
3691,02561,Mohamed lamin
3692,02562,Mohamed lamin
3693,02563,Mohamed lamin
3694,02564,Mohamed lamin
3707,02577,Mohamed
3709,02579,Ali
3710,02580,Hasan chej
3711,02581,Hasan chej
3712,02582,Hasan chej
3713,02583,Hasan chej
3714,02584,Hasan chej
3715,02585,Hasan chej
3716,02586,Hasan chej
3717,02587,Hasan chej
3718,02588,Mohamed lamin
3719,02589,Mohamed lamin
3720,02590,Mohamed
3721,02591,Mohamed abdalahi
3722,02592,Ali
3724,02594,Mohamed
3725,02595,Laulad
3726,02596,Hasan chej
3727,02597,Hasan chej
3728,02598,Hasan chej
3729,02599,Hasan chej
3730,02600,Hasan chej
3731,02601,Mohamed lamin
3732,02602,Mohamed lamin
3733,02603,Mohamed lamin
3734,02604,Mohamed lamin
3735,02605,Mohamed lamin
3736,02606,Hasan chej
3737,02607,Hasan chej
3738,02608,Hasan chej
3739,02609,Hasan chej
3740,02610,Hasan chej
3741,02611,Hasan chej
3742,02612,Jatri mohamed
3743,02613,Salek ali
3744,02614,Salek ali
3745,02615,Salek ali
3746,02616,Salek ali
3747,02617,Salek ali
3748,02618,Salek ali
3749,02619,Salek ali
3750,02620,Salek ali
3751,02621,Sidi alal
3752,02622,Ali
3753,02623,Laulad
3755,02625,Lamni
3756,02626,Mohamed lamin
3757,02627,Mohamed lamin
3758,02628,Mohamed lamin
3759,02629,Mohamed lamin
3776,02646,Lamni
3778,02648,Hasan chej
3779,02649,Hasan chej
3780,02650,Hasan chej
3781,02651,Hasan chej
3783,02653,Hasan chej
3784,02654,Hasan chej
3785,02655,Hasan chej
3787,02657,Salek ali
3788,02658,Salek ali
3789,02659,Salek ali
3790,02660,Salek ali
3793,02663,Salek ali
3794,02664,Salek ali
3795,02665,Salek ali
3796,02666,Salek ali
3797,02667,Salek ali
3800,02670,Salek ali
3801,02671,Salek ali
3802,02672,Salek ali
3803,02673,Salek ali
3804,02674,Salek ali
3805,02675,Salek ali
3807,02677,Hasan chej
3808,02678,Hasan chej
3809,02679,Hasan chej
3810,02680,Hasan chej
3811,02681,Salek ali
3812,02682,Salek ali
3813,02683,Salek ali
3814,02684,Salek ali
3815,02685,Salek ali
3816,02686,Salek ali
3817,02687,Salek ali
3818,02688,Salek ali
3825,02695,Hasan chej
3826,02696,Hasan chej
3827,02697,Hasan chej
3828,02698,Hasan chej
3829,02699,Hasan chej
3830,02700,Hasan chej
3831,02701,Hasan chej
3832,02702,Hasan chej
3833,02703,Hasan chej
3834,02704,Hasan chej
3835,02705,Mohamed lamin
3836,02706,Mohamed lamin
3837,02707,Mohamed lamin
3838,02708,Mohamed lamin
3839,02709,Mohamed lamin
3840,02710,Salek ali
3841,02711,Salek ali
3842,02712,Salek ali
3843,02713,Salek ali
3844,02714,Salek ali
3845,02715,Salek ali
3846,02716,Salek ali
3847,02717,Salek ali
3848,02718,Salek ali
3849,02719,Salek ali
3850,02720,Mohamed abdalahi
3852,02722,Salek ali
3853,02723,Salek ali
3859,02729,Salek ali
3860,02730,Ali
3861,02731,Salek ali
3864,02734,Salek ali
3867,02737,Ali
3868,02738,Ali
3870,02740,Mohamed lamin
3871,02741,Salek ali
3872,02742,Salek ali
3873,02743,Salek ali
3874,02744,Salek ali
3875,02745,Hasan chej
3876,02746,Hasan chej
3877,02747,Hasan chej
3878,02748,Hasan chej
3879,02749,Salek ali
3880,02750,Salek ali
3881,02751,Mohamed lamin
3882,02752,Hasan chej
3883,02753,Mohamed lamin
3884,02754,Hasan chej
3887,02757,Salek ali
3888,02758,Hasan chej
3890,02760,Hasan chej
3894,02764,Ali
3895,02765,Salek ali
3896,02766,Hasan chej
3897,02767,Salek ali
3899,02769,Salek ali
3903,02773,Salek ali
3904,02774,Salek ali
3905,02775,Salek ali
3906,02776,Salek ali
3907,02777,Salek ali
3911,02781,Ali
3912,02782,Ali
3913,02783,Ali
3914,02784,Ali
3915,02785,Salek ali
6052,01934,Bachir
6058,01940,Moh abdalahi
6123,02005,Ahmed salek andal
6204,02086,Mohamed abdalahi
6207,02089,Laulad
6212,02094,Mohamed abdalahi
6512,02400,Ali
6513,02401,Laulad
6514,02402,Mohamed abdalahi
6517,02405,Mohamed abdalahi
6586,02474,Mohamed abdalahi
6689,02577,Sidi alal
6704,02592,Mohamed
6706,02594,Mohamed abdalahi
6707,02595,Mohamed
6734,02622,Lamni
6735,02623,Ali
6842,02730,Mohamed abdalahi
6849,02737,Laulad
6850,02738,Laulad
6893,02781,Mohamed abdalahi
6894,02782,Mohamed abdalahi
6895,02783,Mohamed abdalahi
6896,02784,Laulad
9671,02577,Laulad
9689,02595,Mohamed abdalahi
9824,02730,Mohamed
9877,02783,Laulad
9878,02784,Sidi alal
