,ot,mantenimiento,unidades
0,507,Aceite,20.0
1,508,Aceite,20.0
2,509,Aceite,20.0
3,510,Aceite,17.0
14,521,Aceite,1.0
16,523,Aceite,2.0
17,524,Aceite,2.0
18,525,Aceite,1.0
22,529,Aceite,1.0
32,539,Aceite,2.0
34,541,Aceite,1.0
36,543,Aceite,1.0
37,544,Aceite,0.5
39,546,Aceite,1.0
40,547,Aceite,1.5
44,551,Aceite,2.0
45,552,Aceite,5.0
48,555,Aceite,1.0
51,558,Aceite,2.0
54,561,Aceite,34.0
55,562,Aceite,34.0
56,563,Aceite,22.0
57,564,Aceite,34.0
58,565,Aceite,1.0
65,572,Aceite,1.0
70,577,Aceite,20.0
84,591,Aceite,1.0
93,600,Aceite,1.0
99,606,Aceite,30.0
102,609,Aceite,34.0
110,617,Aceite,20.0
111,618,Aceite,22.0
112,619,Aceite,34.0
113,620,Aceite,30.0
114,621,Aceite,37.0
115,622,Aceite,34.0
116,623,Aceite,15.0
117,624,Aceite,20.0
118,625,Aceite,34.0
119,626,Aceite,22.0
120,627,Aceite,22.0
121,628,Aceite,34.0
122,629,Aceite,34.0
123,630,Aceite,34.0
124,631,Aceite,22.0
125,632,Aceite,34.0
126,633,Aceite,22.0
127,634,Aceite,34.0
128,635,Aceite,20.0
129,636,Aceite,34.0
130,637,Aceite,34.0
140,647,Aceite,1.0
141,648,Aceite,1.0
142,649,Aceite,1.0
147,654,Aceite,1.0
160,667,Aceite,2.0
166,673,Aceite,1.0
167,674,Aceite,2.0
168,675,Aceite,1.0
175,682,Aceite,2.0
179,686,Aceite,1.0
180,687,Aceite,1.0
189,696,Aceite,1.0
190,697,Aceite,1.0
191,698,Aceite,1.0
196,703,Aceite,1.0
203,710,Aceite,1.0
206,713,Aceite,1.0
231,738,Aceite,20.0
232,739,Aceite,20.0
233,740,Aceite,20.0
240,746,Aceite,20.0
243,749,Aceite,20.0
253,759,Aceite,35.0
271,777,Aceite,35.0
272,778,Aceite,35.0
273,779,Aceite,35.0
280,786,Aceite,1.0
299,805,Aceite,35.0
300,806,Aceite,35.0
302,808,Aceite,35.0
305,811,Aceite,20.0
306,812,Aceite,20.0
314,820,Aceite,35.0
315,821,Aceite,35.0
316,822,Aceite,35.0
317,823,Aceite,35.0
319,825,Aceite,20.0
320,826,Aceite,20.0
326,832,Aceite,1.0
329,835,Aceite,35.0
330,836,Aceite,35.0
331,837,Aceite,35.0
332,838,Aceite,35.0
341,847,Aceite,1.0
345,851,Aceite,1.0
346,852,Aceite,1.0
347,853,Aceite,1.0
350,856,Aceite,1.0
351,857,Aceite,22.0
352,858,Aceite,22.0
353,859,Aceite,22.0
358,864,Aceite,20.0
359,865,Aceite,20.0
376,882,Aceite,1.0
377,883,Aceite,1.0
388,894,Aceite,1.0
393,899,Aceite,5.0
399,905,Aceite,1.0
400,906,Aceite,1.0
401,907,Aceite,1.0
404,910,Aceite,20.0
412,918,Aceite,1.0
413,919,Aceite,1.0
414,920,Aceite,1.0
415,921,Aceite,1.0
416,922,Aceite,22.0
418,924,Aceite,32.0
419,925,Aceite,32.0
422,928,Aceite,20.0
424,930,Aceite,1.0
428,934,Aceite,20.0
429,935,Aceite,1.0
430,936,Aceite,32.0
431,937,Aceite,5.0
432,938,Aceite,32.0
433,939,Aceite,5.0
434,940,Aceite,1.0
435,941,Aceite,1.0
436,942,Aceite,2.0
437,943,Aceite,3.0
439,945,Aceite,5.0
440,946,Aceite,2.0
441,947,Aceite,25.0
444,950,Aceite,35.0
445,951,Aceite,35.0
446,952,Aceite,35.0
447,953,Aceite,35.0
448,954,Aceite,35.0
452,958,Aceite,1.0
453,959,Aceite,20.0
454,960,Aceite,20.0
455,961,Aceite,20.0
459,965,Aceite,1.0
460,966,Aceite,1.0
461,967,Aceite,1.0
463,969,Aceite,1.0
465,971,Aceite,1.0
471,977,Aceite,1.0
478,984,Aceite,1.0
479,985,Aceite,1.0
482,988,Aceite,20.0
486,992,Aceite,2.0
487,993,Aceite,4.0
490,996,Aceite,3.0
493,999,Aceite,1.0
559,507,Anticongelante,1.0
560,508,Anticongelante,1.0
561,509,Anticongelante,1.0
562,510,Anticongelante,1.0
563,511,Anticongelante,1.0
564,512,Anticongelante,2.0
565,513,Anticongelante,1.0
593,541,Anticongelante,5.0
612,560,Anticongelante,2.0
614,562,Anticongelante,2.0
615,563,Anticongelante,1.0
620,568,Anticongelante,1.0
623,571,Anticongelante,10.0
629,577,Anticongelante,1.0
658,606,Anticongelante,2.0
661,609,Anticongelante,5.0
669,617,Anticongelante,1.0
670,618,Anticongelante,3.0
671,619,Anticongelante,1.0
672,620,Anticongelante,1.0
673,621,Anticongelante,1.0
674,622,Anticongelante,1.0
675,623,Anticongelante,20.0
676,624,Anticongelante,1.0
677,625,Anticongelante,2.0
678,626,Anticongelante,1.0
679,627,Anticongelante,1.0
681,629,Anticongelante,2.0
683,631,Anticongelante,1.0
684,632,Anticongelante,1.0
688,636,Anticongelante,1.0
689,637,Anticongelante,1.0
739,687,Anticongelante,1.0
744,692,Anticongelante,2.0
749,697,Anticongelante,2.0
783,731,Anticongelante,10.0
802,749,Anticongelante,10.0
812,759,Anticongelante,5.0
813,760,Anticongelante,1.0
830,777,Anticongelante,2.0
831,778,Anticongelante,5.0
832,779,Anticongelante,10.0
839,786,Anticongelante,10.0
840,787,Anticongelante,1.0
848,795,Anticongelante,1.0
849,796,Anticongelante,1.0
850,797,Anticongelante,1.0
851,798,Anticongelante,1.0
852,799,Anticongelante,1.0
864,811,Anticongelante,1.0
865,812,Anticongelante,1.0
888,835,Anticongelante,1.0
889,836,Anticongelante,1.0
890,837,Anticongelante,1.0
891,838,Anticongelante,1.0
900,847,Anticongelante,1.0
917,864,Anticongelante,1.0
918,865,Anticongelante,1.0
922,869,Anticongelante,10.0
923,870,Anticongelante,10.0
939,886,Anticongelante,1.0
940,887,Anticongelante,1.0
941,888,Anticongelante,1.0
942,889,Anticongelante,1.0
943,890,Anticongelante,1.0
944,891,Anticongelante,1.0
945,892,Anticongelante,1.0
947,894,Anticongelante,1.0
952,899,Anticongelante,2.0
963,910,Anticongelante,2.0
976,923,Anticongelante,1.0
981,928,Anticongelante,1.0
982,929,Anticongelante,1.0
1002,949,Anticongelante,2.0
1003,950,Anticongelante,1.0
1004,951,Anticongelante,1.0
1005,952,Anticongelante,1.0
1006,953,Anticongelante,1.0
1007,954,Anticongelante,1.0
1012,959,Anticongelante,1.0
1013,960,Anticongelante,1.0
1014,961,Anticongelante,1.0
1034,981,Anticongelante,1.0
1041,988,Anticongelante,1.0
1045,992,Anticongelante,1.0
1047,994,Anticongelante,2.0
1048,995,Anticongelante,3.0
1051,998,Anticongelante,1.0
1052,999,Anticongelante,2.0
1677,507,H direccion,2.0
1678,508,H direccion,1.0
1679,509,H direccion,2.0
1686,516,H direccion,6.0
1688,518,H direccion,2.0
1709,539,H direccion,10.0
1730,560,H direccion,1.0
1733,563,H direccion,2.0
1735,565,H direccion,1.0
1737,567,H direccion,6.0
1776,606,H direccion,1.0
1779,609,H direccion,1.0
1787,617,H direccion,2.0
1790,620,H direccion,2.0
1791,621,H direccion,2.0
1792,622,H direccion,1.0
1793,623,H direccion,2.0
1794,624,H direccion,1.0
1795,625,H direccion,1.0
1796,626,H direccion,1.0
1797,627,H direccion,1.0
1800,630,H direccion,2.0
1801,631,H direccion,1.0
1806,636,H direccion,1.0
1807,637,H direccion,1.0
1808,638,H direccion,1.0
1829,659,H direccion,2.0
1834,664,H direccion,1.0
1858,688,H direccion,1.0
1863,693,H direccion,1.0
1864,694,H direccion,1.0
1875,705,H direccion,1.0
1876,706,H direccion,1.0
1887,717,H direccion,1.0
1901,731,H direccion,5.0
1902,732,H direccion,5.0
1903,733,H direccion,5.0
1904,734,H direccion,1.0
1947,776,H direccion,1.0
1948,777,H direccion,2.0
1949,778,H direccion,3.0
1950,779,H direccion,5.0
1957,786,H direccion,2.0
1959,788,H direccion,5.0
1976,805,H direccion,1.0
1979,808,H direccion,1.0
2004,833,H direccion,1.0
2008,837,H direccion,1.0
2011,840,H direccion,1.0
2012,841,H direccion,2.0
2014,843,H direccion,5.0
2015,844,H direccion,10.0
2016,845,H direccion,2.0
2048,877,H direccion,1.0
2049,878,H direccion,1.0
2053,882,H direccion,1.0
2054,883,H direccion,1.0
2056,885,H direccion,1.0
2065,894,H direccion,2.0
2066,895,H direccion,1.0
2068,897,H direccion,5.0
2069,898,H direccion,1.0
2081,910,H direccion,1.0
2085,914,H direccion,1.0
2113,942,H direccion,5.0
2117,946,H direccion,1.0
2118,947,H direccion,1.0
2121,950,H direccion,1.0
2122,951,H direccion,1.0
2123,952,H direccion,1.0
2124,953,H direccion,1.0
2125,954,H direccion,1.0
2130,959,H direccion,1.0
2132,961,H direccion,1.0
2138,967,H direccion,1.0
2142,971,H direccion,1.0
2146,975,H direccion,1.0
2152,981,H direccion,10.0
2159,988,H direccion,2.0
2163,992,H direccion,1.0
2167,996,H direccion,2.0
2338,609,Baterias,2.0
2349,620,Baterias,1.0
2352,623,Baterias,2.0
2796,508,L freno,1.0
2798,510,L freno,1.0
2800,512,L freno,1.0
2897,609,L freno,1.0
2949,661,L freno,1.0
2951,663,L freno,1.0
2963,675,L freno,1.0
2994,706,L freno,1.0
3001,713,L freno,1.0
3019,731,L freno,1.0
3075,786,L freno,1.0
3078,789,L freno,1.0
3081,792,L freno,1.0
3094,805,L freno,1.0
3124,835,L freno,1.0
3125,836,L freno,1.0
3126,837,L freno,1.0
3127,838,L freno,1.0
3132,843,L freno,1.0
3183,894,L freno,2.0
3203,914,L freno,2.0
3212,923,L freno,1.0
3217,928,L freno,1.0
3223,934,L freno,1.0
3224,935,L freno,1.0
3239,950,L freno,1.0
3277,988,L freno,1.0
3286,997,L freno,1.0
3354,507,A. caja,1.0
3355,508,A. caja,1.0
3356,509,A. caja,0.5
3357,510,A. caja,0.5
3358,511,A. caja,0.5
3359,512,A. caja,0.5
3386,539,A. caja,2.0
3409,562,A. caja,3.0
3427,580,A. caja,1.0
3453,606,A. caja,1.0
3456,609,A. caja,3.0
3464,617,A. caja,1.0
3465,618,A. caja,1.0
3469,622,A. caja,1.0
3470,623,A. caja,1.0
3472,625,A. caja,1.0
3473,626,A. caja,1.0
3474,627,A. caja,1.0
3475,628,A. caja,0.5
3476,629,A. caja,1.0
3477,630,A. caja,1.0
3478,631,A. caja,1.0
3480,633,A. caja,1.0
3483,636,A. caja,1.0
3484,637,A. caja,1.0
3485,638,A. caja,1.0
3553,706,A. caja,1.0
3578,731,A. caja,1.0
3585,738,A. caja,1.0
3613,765,A. caja,1.0
3617,769,A. caja,1.0
3653,805,A. caja,1.0
3654,806,A. caja,1.0
3656,808,A. caja,1.0
3683,835,A. caja,1.0
3684,836,A. caja,1.0
3685,837,A. caja,1.0
3686,838,A. caja,1.0
3718,870,A. caja,1.0
3719,871,A. caja,1.0
3730,882,A. caja,1.0
3732,884,A. caja,1.0
3743,895,A. caja,2.0
3758,910,A. caja,1.0
3771,923,A. caja,1.0
3776,928,A. caja,1.0
3782,934,A. caja,1.0
3784,936,A. caja,1.0
3786,938,A. caja,1.0
3795,947,A. caja,1.0
3798,950,A. caja,1.0
3799,951,A. caja,1.0
3800,952,A. caja,1.0
3801,953,A. caja,1.0
3802,954,A. caja,1.0
3806,958,A. caja,1.0
3817,969,A. caja,1.0
3820,972,A. caja,1.0
3841,993,A. caja,2.0
3842,994,A. caja,1.0
3845,997,A. caja,1.0
3847,999,A. caja,2.0
4244,837,A/destil,1.0
4574,609,Ruedas,1.0
6031,947,D/tacgfo,1.0
7826,507,Grasa,1
7827,508,Grasa,1
7828,509,Grasa,1
7829,510,Grasa,2
7830,511,Grasa,2
7831,512,Grasa,2
7880,561,Grasa,1
7881,562,Grasa,0.5
7882,563,Grasa,2
7883,564,Grasa,2
7892,573,Grasa,1
7893,574,Grasa,1
7894,575,Grasa,1
7895,576,Grasa,1
7896,577,Grasa,2
7913,594,Grasa,1
7919,600,Grasa,1
7920,601,Grasa,1
7921,602,Grasa,1
7925,606,Grasa,1
7928,609,Grasa,2
7936,617,Grasa,2
7937,618,Grasa,2
7938,619,Grasa,1
7939,620,Grasa,1
7940,621,Grasa,1
7941,622,Grasa,1
7942,623,Grasa,2
7943,624,Grasa,2
7944,625,Grasa,1
7945,626,Grasa,2
7946,627,Grasa,2
7947,628,Grasa,1
7948,629,Grasa,1
7949,630,Grasa,1
7950,631,Grasa,1
7951,632,Grasa,1
7952,633,Grasa,1
7953,634,Grasa,1
7954,635,Grasa,1
7955,636,Grasa,1
7956,637,Grasa,1
7957,638,Grasa,1
7958,639,Grasa,1
7959,640,Grasa,1
7960,641,Grasa,1
7966,647,Grasa,1
7967,648,Grasa,1
7968,649,Grasa,1
7969,650,Grasa,1
7970,651,Grasa,1
7973,654,Grasa,1
7974,655,Grasa,1
7978,659,Grasa,1
7980,661,Grasa,1
7984,665,Grasa,1
7985,666,Grasa,1
7986,667,Grasa,1
7989,670,Grasa,1
7991,672,Grasa,1
7993,674,Grasa,1
8001,682,Grasa,1
8005,686,Grasa,1
8006,687,Grasa,1
8007,688,Grasa,1
8011,692,Grasa,0.5
8015,696,Grasa,1
8016,697,Grasa,1
8017,698,Grasa,1
8018,699,Grasa,1
8019,700,Grasa,1
8020,701,Grasa,1
8021,702,Grasa,1
8022,703,Grasa,1
8023,704,Grasa,1
8024,705,Grasa,1
8025,706,Grasa,1
8026,707,Grasa,1
8027,708,Grasa,1
8028,709,Grasa,1
8030,711,Grasa,1
8033,714,Grasa,1
8056,737,Grasa,1
8057,738,Grasa,1
8058,739,Grasa,1
8059,740,Grasa,1
8060,741,Grasa,1
8061,742,Grasa,1
8062,743,Grasa,1
8063,744,Grasa,1
8065,745,Grasa,1
8071,751,Grasa,1
8072,752,Grasa,1
8073,753,Grasa,1
8078,758,Grasa,1
8082,762,Grasa,1
8083,763,Grasa,1
8084,764,Grasa,1
8087,767,Grasa,1
8088,768,Grasa,1
8090,770,Grasa,1
8091,771,Grasa,1
8096,776,Grasa,1
8097,777,Grasa,1
8098,778,Grasa,1
8099,779,Grasa,1
8106,786,Grasa,1
8112,792,Grasa,1
8113,793,Grasa,1
8114,794,Grasa,1
8115,795,Grasa,1
8140,820,Grasa,1
8141,821,Grasa,1
8142,822,Grasa,1
8155,835,Grasa,1
8156,836,Grasa,1
8157,837,Grasa,1
8158,838,Grasa,1
8160,840,Grasa,1
8167,847,Grasa,1
8168,848,Grasa,1
8169,849,Grasa,1
8170,850,Grasa,1
8177,857,Grasa,2
8178,858,Grasa,1
8179,859,Grasa,2
8184,864,Grasa,1
8185,865,Grasa,1
8192,872,Grasa,1
8207,887,Grasa,1
8208,888,Grasa,1
8209,889,Grasa,1
8210,890,Grasa,1
8211,891,Grasa,1
8212,892,Grasa,1
8215,895,Grasa,1
8221,901,Grasa,1
8222,902,Grasa,1
8223,903,Grasa,1
8224,904,Grasa,1
8225,905,Grasa,1
8229,909,Grasa,1
8230,910,Grasa,2
8231,911,Grasa,1
8232,912,Grasa,1
8233,913,Grasa,1
8238,918,Grasa,1
8239,919,Grasa,1
8240,920,Grasa,1
8241,921,Grasa,1
8246,926,Grasa,1
8247,927,Grasa,1
8248,928,Grasa,1
8249,929,Grasa,1
8254,934,Grasa,1
8255,935,Grasa,1
8256,936,Grasa,1
8257,937,Grasa,1
8258,938,Grasa,1
8259,939,Grasa,1
8260,940,Grasa,1
8261,941,Grasa,1
8262,942,Grasa,1
8263,943,Grasa,1
8264,944,Grasa,1
8265,945,Grasa,1
8266,946,Grasa,1
8267,947,Grasa,1
8270,950,Grasa,1
8271,951,Grasa,2
8272,952,Grasa,1
8273,953,Grasa,2
8274,954,Grasa,1
8278,958,Grasa,1
8279,959,Grasa,1
8280,960,Grasa,1
8281,961,Grasa,1
8285,965,Grasa, 
8286,966,Grasa,1
8287,967,Grasa,1
8289,969,Grasa,1
8290,970,Grasa,1
8292,972,Grasa,1
8293,973,Grasa,1
8297,977,Grasa,1
8299,979,Grasa,1
8300,980,Grasa,1
8304,984,Grasa,1
8305,985,Grasa,1
8308,988,Grasa,1
